,fecha,estacion,año,mes,festivo,dia_semana,laboral,clima,temperatura,sensacion_termica,humedad,viento,casual,registrado,total
0,2018-01-01,invierno,2018,enero,sí,lunes,no,niebla,14.1,18.2,80.6,10.7,331,654,985
1,2018-02-01,invierno,2018,febrero,no,jueves,sí,niebla,14.9,17.7,69.6,16.7,131,670,801
2,2018-03-01,invierno,2018,marzo,no,jueves,sí,cielo despejado,8.1,9.5,43.7,16.6,120,1229,1349
3,2018-04-01,primavera,2018,abril,no,domingo,no,cielo despejado,8.2,10.6,59.0,10.7,108,1454,1562
4,2018-05-01,primavera,2018,mayo,no,martes,sí,cielo despejado,9.3,11.5,43.7,12.5,82,1518,1600
5,2018-06-01,primavera,2018,junio,no,viernes,sí,cielo despejado,8.4,11.7,51.8,6.0,88,1518,1606
6,2018-07-01,verano,2018,julio,no,domingo,no,niebla,8.1,10.4,49.9,11.3,148,1362,1510
7,2018-08-01,verano,2018,agosto,no,miércoles,sí,niebla,6.8,8.1,53.6,17.9,68,891,959
8,2018-09-01,verano,2018,septiembre,no,sábado,no,cielo despejado,5.7,5.8,43.4,24.3,54,768,822
9,2018-10-01,otoño,2018,octubre,no,lunes,sí,cielo despejado,6.2,7.5,48.3,15.0,41,1280,1321
10,2018-11-01,otoño,2018,noviembre,no,jueves,sí,niebla,6.9,9.6,68.6,8.2,43,1220,1263
11,2018-12-01,otoño,2018,diciembre,no,sábado,no,cielo despejado,7.1,8.0,60.0,20.4,25,1137,1162
12,2018-01-13,invierno,2018,enero,no,sábado,no,cielo despejado,6.8,7.5,47.0,20.2,38,1368,1406
13,2018-01-14,invierno,2018,enero,no,domingo,no,cielo despejado,6.6,9.4,53.8,8.5,54,1367,1421
14,2018-01-15,invierno,2018,enero,sí,lunes,no,niebla,9.6,12.4,49.9,10.6,222,1026,1248
15,2018-01-16,invierno,2018,enero,no,martes,sí,cielo despejado,9.5,11.7,48.4,12.6,251,953,1204
16,2018-01-17,invierno,2018,enero,no,miércoles,sí,niebla,7.2,8.8,53.8,13.0,117,883,1000
17,2018-01-18,invierno,2018,enero,no,jueves,sí,niebla,8.9,11.6,86.2,9.8,9,674,683
18,2018-01-19,invierno,2018,enero,no,viernes,sí,niebla,12.0,14.9,74.2,14.0,78,1572,1650
19,2018-01-20,invierno,2018,enero,no,sábado,no,niebla,10.7,12.8,53.8,13.1,83,1844,1927
20,2018-01-21,invierno,2018,enero,no,domingo,no,cielo despejado,7.3,7.9,45.7,23.7,75,1468,1543
21,2018-01-22,invierno,2018,enero,no,lunes,sí,cielo despejado,2.4,4.0,40.0,11.5,93,888,981
22,2018-01-23,invierno,2018,enero,no,martes,sí,cielo despejado,4.0,4.9,43.7,16.5,150,836,986
23,2018-01-24,invierno,2018,enero,no,miércoles,sí,cielo despejado,4.0,5.9,49.2,10.6,86,1330,1416
24,2018-01-25,invierno,2018,enero,no,jueves,sí,niebla,9.2,11.7,61.7,8.7,186,1799,1985
25,2018-01-26,invierno,2018,enero,no,viernes,sí,precipitaciones ligeras,8.9,10.2,86.2,19.7,34,472,506
26,2018-01-27,invierno,2018,enero,no,sábado,no,cielo despejado,8.0,11.0,68.8,7.6,15,416,431
27,2018-01-28,invierno,2018,enero,no,domingo,no,niebla,8.3,11.2,79.3,8.3,38,1129,1167
28,2018-01-29,invierno,2018,enero,no,lunes,sí,cielo despejado,8.1,10.6,65.2,9.7,123,975,1098
29,2018-01-30,invierno,2018,enero,no,martes,sí,cielo despejado,8.9,12.5,72.2,5.0,140,956,1096
30,2018-01-31,invierno,2018,enero,no,miércoles,sí,niebla,7.4,9.3,60.4,12.5,42,1459,1501
31,2018-01-02,invierno,2018,enero,no,martes,sí,niebla,7.9,11.7,83.0,3.6,47,1313,1360
32,2018-02-02,invierno,2018,febrero,no,viernes,sí,niebla,10.7,12.7,77.5,17.7,72,1454,1526
33,2018-03-02,invierno,2018,marzo,no,viernes,sí,cielo despejado,7.7,8.9,43.8,18.6,61,1489,1550
34,2018-04-02,primavera,2018,abril,no,lunes,sí,niebla,8.7,11.4,58.5,8.6,88,1620,1708
35,2018-05-02,primavera,2018,mayo,no,miércoles,sí,niebla,9.6,12.2,92.9,10.8,100,905,1005
36,2018-06-02,primavera,2018,junio,no,sábado,no,cielo despejado,11.7,14.6,56.8,9.5,354,1269,1623
37,2018-07-02,verano,2018,julio,no,lunes,sí,cielo despejado,11.1,15.2,73.8,3.0,120,1592,1712
38,2018-08-02,verano,2018,agosto,no,jueves,sí,cielo despejado,9.1,9.9,53.8,24.3,64,1466,1530
39,2018-09-02,verano,2018,septiembre,no,domingo,no,niebla,5.5,7.2,49.5,12.7,53,1552,1605
40,2018-10-02,otoño,2018,octubre,no,martes,sí,cielo despejado,5.9,7.5,43.7,14.9,47,1491,1538
41,2018-11-02,otoño,2018,noviembre,no,viernes,sí,cielo despejado,7.8,10.7,50.6,7.3,149,1597,1746
42,2018-12-02,otoño,2018,diciembre,no,domingo,no,cielo despejado,9.1,11.6,54.4,13.6,288,1184,1472
43,2018-02-13,invierno,2018,febrero,no,martes,sí,cielo despejado,13.0,16.2,45.7,17.5,397,1192,1589
44,2018-02-14,invierno,2018,febrero,no,miércoles,sí,cielo despejado,17.0,19.9,37.6,28.0,208,1705,1913
45,2018-02-15,invierno,2018,febrero,no,jueves,sí,cielo despejado,10.9,12.7,31.4,19.5,140,1675,1815
46,2018-02-16,invierno,2018,febrero,no,viernes,sí,cielo despejado,13.0,15.8,42.3,16.9,218,1897,2115
47,2018-02-17,invierno,2018,febrero,no,sábado,no,cielo despejado,17.9,21.4,50.5,15.4,259,2216,2475
48,2018-02-18,invierno,2018,febrero,no,domingo,no,cielo despejado,21.4,25.6,51.7,17.7,579,2348,2927
49,2018-02-19,invierno,2018,febrero,sí,lunes,no,cielo despejado,16.4,19.6,62.675000000000004,34.0,532,1103,1635
50,2018-02-20,invierno,2018,febrero,no,martes,sí,cielo despejado,11.7,13.9,40.8,15.0,639,1173,1812
51,2018-02-21,invierno,2018,febrero,no,miércoles,sí,niebla,12.4,14.2,60.5,20.6,195,912,1107
52,2018-02-22,invierno,2018,febrero,no,jueves,sí,cielo despejado,7.5,9.3,57.8,13.1,74,1376,1450
53,2018-02-23,invierno,2018,febrero,no,viernes,sí,cielo despejado,9.1,12.3,42.3,6.3,139,1778,1917
54,2018-02-24,invierno,2018,febrero,no,sábado,no,niebla,12.1,14.5,69.7,16.8,100,1707,1807
55,2018-02-25,invierno,2018,febrero,no,domingo,no,niebla,14.9,17.5,71.2,23.2,120,1341,1461
56,2018-02-26,invierno,2018,febrero,no,lunes,sí,cielo despejado,11.6,14.1,53.8,12.5,424,1545,1969
57,2018-02-27,invierno,2018,febrero,no,martes,sí,cielo despejado,14.1,17.6,68.0,8.4,694,1708,2402
58,2018-02-28,invierno,2018,febrero,no,miércoles,sí,niebla,16.7,20.0,87.6,19.4,81,1365,1446
59,2018-01-03,invierno,2018,enero,no,miércoles,sí,cielo despejado,10.9,13.2,53.5,14.5,137,1714,1851
60,2018-02-03,invierno,2018,febrero,no,sábado,no,cielo despejado,13.7,16.0,45.0,20.6,231,1903,2134
61,2018-03-03,invierno,2018,marzo,no,sábado,no,cielo despejado,8.1,10.0,31.8,15.1,123,1562,1685
62,2018-04-03,primavera,2018,abril,no,martes,sí,niebla,10.7,12.8,61.0,13.6,214,1730,1944
63,2018-05-03,primavera,2018,mayo,no,jueves,sí,niebla,15.8,18.9,78.9,16.9,640,1437,2077
64,2018-06-03,primavera,2018,junio,no,domingo,no,niebla,15.4,18.3,94.8,23.0,114,491,605
65,2018-07-03,verano,2018,julio,no,martes,sí,cielo despejado,10.7,11.9,55.1,22.9,244,1628,1872
66,2018-08-03,verano,2018,agosto,no,viernes,sí,cielo despejado,12.0,15.1,42.1,8.1,316,1817,2133
67,2018-09-03,verano,2018,septiembre,sí,lunes,no,niebla,12.1,14.3,77.5,14.8,191,1700,1891
68,2018-10-03,otoño,2018,octubre,no,miércoles,sí,precipitaciones ligeras,16.0,19.3,62.650000000000006,17.5,46,577,623
69,2018-11-03,otoño,2018,noviembre,no,sábado,no,niebla,13.0,15.2,65.0,15.6,247,1730,1977
70,2018-12-03,otoño,2018,diciembre,no,lunes,sí,cielo despejado,13.5,16.3,59.5,14.8,724,1408,2132
71,2018-03-13,invierno,2018,marzo,no,martes,sí,cielo despejado,15.8,19.0,52.7,18.1,982,1435,2417
72,2018-03-14,invierno,2018,marzo,no,miércoles,sí,cielo despejado,13.3,16.6,49.7,9.2,359,1687,2046
73,2018-03-15,invierno,2018,marzo,no,jueves,sí,niebla,13.0,15.9,65.6,12.3,289,1767,2056
74,2018-03-16,invierno,2018,marzo,no,viernes,sí,niebla,15.0,18.3,77.7,13.6,321,1871,2192
75,2018-03-17,invierno,2018,marzo,no,sábado,no,cielo despejado,17.0,20.5,60.3,14.0,424,2320,2744
76,2018-03-18,invierno,2018,marzo,no,domingo,no,cielo despejado,22.1,26.4,52.5,15.5,884,2355,3239
77,2018-03-19,invierno,2018,marzo,no,lunes,sí,cielo despejado,19.4,23.3,37.9,24.7,1424,1693,3117
78,2018-03-20,primavera,2018,marzo,no,martes,sí,cielo despejado,13.6,16.3,47.4,13.9,1047,1424,2471
79,2018-03-21,primavera,2018,marzo,no,miércoles,sí,niebla,17.6,20.5,73.7,19.3,401,1676,2077
80,2018-03-22,primavera,2018,marzo,no,jueves,sí,cielo despejado,18.1,22.0,62.5,15.1,460,2243,2703
81,2018-03-23,primavera,2018,marzo,no,viernes,sí,niebla,14.2,16.9,84.0,15.7,203,1918,2121
82,2018-03-24,primavera,2018,marzo,no,sábado,no,niebla,11.7,13.5,80.6,16.3,166,1699,1865
83,2018-03-25,primavera,2018,marzo,no,domingo,no,cielo despejado,10.8,12.8,49.5,15.5,300,1910,2210
84,2018-03-26,primavera,2018,marzo,no,lunes,sí,cielo despejado,10.9,12.9,39.4,14.0,981,1515,2496
85,2018-03-27,primavera,2018,marzo,no,martes,sí,niebla,10.4,12.5,49.4,12.3,472,1221,1693
86,2018-03-28,primavera,2018,marzo,no,miércoles,sí,cielo despejado,10.8,12.9,30.2,14.2,222,1806,2028
87,2018-03-29,primavera,2018,marzo,no,jueves,sí,cielo despejado,12.4,14.6,31.4,15.2,317,2108,2425
88,2018-03-30,primavera,2018,marzo,no,viernes,sí,niebla,12.3,14.9,64.7,11.6,168,1368,1536
89,2018-03-31,primavera,2018,marzo,no,sábado,no,precipitaciones ligeras,11.0,12.9,91.8,14.6,179,1506,1685
90,2018-01-04,invierno,2018,enero,no,jueves,sí,niebla,12.3,14.2,68.6,17.3,307,1920,2227
91,2018-02-04,invierno,2018,febrero,no,domingo,no,niebla,12.9,15.8,65.4,13.2,898,1354,2252
92,2018-03-04,invierno,2018,marzo,no,domingo,no,cielo despejado,15.5,18.9,48.0,12.2,1651,1598,3249
93,2018-04-04,primavera,2018,abril,no,miércoles,sí,cielo despejado,23.5,27.1,42.6,25.8,734,2381,3115
94,2018-05-04,primavera,2018,mayo,no,viernes,sí,niebla,17.0,19.9,64.2,26.0,167,1628,1795
95,2018-06-04,primavera,2018,junio,no,lunes,sí,cielo despejado,16.0,19.4,47.1,17.6,413,2395,2808
96,2018-07-04,verano,2018,julio,sí,miércoles,no,cielo despejado,17.9,21.7,60.3,10.9,571,2570,3141
97,2018-08-04,verano,2018,agosto,no,sábado,no,niebla,13.8,16.2,83.6,15.2,172,1299,1471
98,2018-09-04,verano,2018,septiembre,no,martes,sí,niebla,14.0,17.1,87.8,8.9,879,1576,2455
99,2018-10-04,otoño,2018,octubre,no,jueves,sí,niebla,17.5,21.3,85.8,9.8,1188,1707,2895
100,2018-11-04,otoño,2018,noviembre,no,domingo,no,niebla,24.4,28.3,71.7,21.7,855,2493,3348
101,2018-12-04,otoño,2018,diciembre,no,martes,sí,niebla,20.6,24.7,73.9,18.4,257,1777,2034
102,2018-04-13,primavera,2018,abril,no,viernes,sí,niebla,16.9,20.9,81.9,16.8,209,1953,2162
103,2018-04-14,primavera,2018,abril,no,sábado,no,cielo despejado,19.2,23.1,54.0,7.4,529,2738,3267
104,2018-04-15,primavera,2018,abril,no,domingo,no,cielo despejado,18.3,22.1,67.1,15.2,642,2484,3126
105,2018-04-16,primavera,2018,abril,sí,lunes,no,precipitaciones ligeras,17.7,21.3,88.8,22.8,121,674,795
106,2018-04-17,primavera,2018,abril,no,martes,sí,cielo despejado,18.7,22.3,48.0,20.3,1558,2186,3744
107,2018-04-18,primavera,2018,abril,no,miércoles,sí,cielo despejado,21.0,25.2,54.2,11.0,669,2760,3429
108,2018-04-19,primavera,2018,abril,no,jueves,sí,niebla,20.7,24.5,66.6,10.6,409,2795,3204
109,2018-04-20,primavera,2018,abril,no,viernes,sí,cielo despejado,24.4,28.2,61.4,16.2,613,3331,3944
110,2018-04-21,primavera,2018,abril,no,sábado,no,cielo despejado,18.8,22.7,40.7,21.8,745,3444,4189
111,2018-04-22,primavera,2018,abril,no,domingo,no,niebla,13.8,16.1,73.0,14.7,177,1506,1683
112,2018-04-23,primavera,2018,abril,no,lunes,sí,niebla,18.9,22.5,88.8,15.5,1462,2574,4036
113,2018-04-24,primavera,2018,abril,no,martes,sí,niebla,23.8,27.6,81.1,12.9,1710,2481,4191
114,2018-04-25,primavera,2018,abril,no,miércoles,sí,cielo despejado,24.9,28.7,77.7,12.4,773,3300,4073
115,2018-04-26,primavera,2018,abril,no,jueves,sí,cielo despejado,25.9,29.7,72.9,21.9,678,3722,4400
116,2018-04-27,primavera,2018,abril,no,viernes,sí,niebla,25.4,28.8,83.5,20.9,547,3325,3872
117,2018-04-28,primavera,2018,abril,no,sábado,no,niebla,25.3,28.9,70.1,21.5,569,3489,4058
118,2018-04-29,primavera,2018,abril,no,domingo,no,cielo despejado,20.9,24.9,45.7,16.1,878,3717,4595
119,2018-04-30,primavera,2018,abril,no,lunes,sí,cielo despejado,19.4,23.2,50.3,15.8,1965,3347,5312
120,2018-01-05,invierno,2018,enero,no,viernes,sí,niebla,18.5,22.4,76.2,7.1,1138,2213,3351
121,2018-02-05,invierno,2018,febrero,no,lunes,sí,niebla,22.5,26.6,73.0,12.3,847,3554,4401
122,2018-03-05,invierno,2018,marzo,no,lunes,sí,niebla,25.3,29.1,69.7,23.0,603,3848,4451
123,2018-04-05,primavera,2018,abril,no,jueves,sí,niebla,17.0,20.2,73.7,22.0,255,2378,2633
124,2018-05-05,primavera,2018,mayo,no,sábado,no,cielo despejado,18.8,22.1,44.4,19.8,614,3819,4433
125,2018-06-05,primavera,2018,junio,no,martes,sí,cielo despejado,19.6,23.7,59.0,15.3,894,3714,4608
126,2018-07-05,verano,2018,julio,no,jueves,sí,cielo despejado,21.3,25.6,54.1,10.8,1612,3102,4714
127,2018-08-05,verano,2018,agosto,no,domingo,no,cielo despejado,21.7,25.9,63.2,5.0,1401,2932,4333
128,2018-09-05,verano,2018,septiembre,no,miércoles,sí,cielo despejado,21.8,26.3,58.9,11.8,664,3698,4362
129,2018-10-05,otoño,2018,octubre,no,viernes,sí,cielo despejado,21.8,26.1,48.9,7.7,694,4109,4803
130,2018-11-05,otoño,2018,noviembre,no,lunes,sí,cielo despejado,22.2,26.4,63.3,8.1,550,3632,4182
131,2018-12-05,otoño,2018,diciembre,no,miércoles,sí,cielo despejado,21.9,26.2,74.8,12.7,695,4169,4864
132,2018-05-13,primavera,2018,mayo,no,domingo,no,niebla,21.0,24.7,86.3,12.0,692,3413,4105
133,2018-05-14,primavera,2018,mayo,no,lunes,sí,niebla,21.4,25.0,92.2,9.0,902,2507,3409
134,2018-05-15,primavera,2018,mayo,no,martes,sí,niebla,23.1,26.8,86.7,10.2,1582,2971,4553
135,2018-05-16,primavera,2018,mayo,no,miércoles,sí,cielo despejado,23.7,27.5,78.8,8.5,773,3185,3958
136,2018-05-17,primavera,2018,mayo,no,jueves,sí,niebla,23.0,26.9,83.8,18.6,678,3445,4123
137,2018-05-18,primavera,2018,mayo,no,viernes,sí,niebla,22.6,26.4,87.0,13.5,536,3319,3855
138,2018-05-19,primavera,2018,mayo,no,sábado,no,niebla,21.8,25.5,83.0,7.3,735,3840,4575
139,2018-05-20,primavera,2018,mayo,no,domingo,no,cielo despejado,22.0,26.5,72.0,8.4,909,4008,4917
140,2018-05-21,primavera,2018,mayo,no,lunes,sí,cielo despejado,24.7,28.6,62.7,8.1,2258,3547,5805
141,2018-05-22,primavera,2018,mayo,no,martes,sí,cielo despejado,24.8,28.7,75.0,9.9,1576,3084,4660
142,2018-05-23,primavera,2018,mayo,no,miércoles,sí,niebla,25.9,29.5,81.0,15.7,836,3438,4274
143,2018-05-24,primavera,2018,mayo,no,jueves,sí,niebla,27.1,30.2,74.1,13.9,659,3833,4492
144,2018-05-25,primavera,2018,mayo,no,viernes,sí,cielo despejado,27.1,30.8,69.6,10.3,740,4238,4978
145,2018-05-26,primavera,2018,mayo,no,sábado,no,cielo despejado,29.0,32.7,67.8,13.4,758,3919,4677
146,2018-05-27,primavera,2018,mayo,no,domingo,no,cielo despejado,27.9,31.9,65.4,16.1,871,3808,4679
147,2018-05-28,primavera,2018,mayo,sí,lunes,no,cielo despejado,26.9,30.6,73.0,15.4,2001,2757,4758
148,2018-05-29,primavera,2018,mayo,no,martes,sí,cielo despejado,27.4,30.8,81.9,14.3,2355,2433,4788
149,2018-05-30,primavera,2018,mayo,no,miércoles,sí,cielo despejado,30.1,33.6,68.5,8.8,1549,2549,4098
150,2018-05-31,primavera,2018,mayo,no,jueves,sí,cielo despejado,31.8,36.3,63.7,7.5,673,3309,3982
151,2018-01-06,invierno,2018,enero,no,sábado,no,niebla,31.3,36.0,67.7,13.9,513,3461,3974
152,2018-02-06,invierno,2018,febrero,no,martes,sí,cielo despejado,29.3,32.2,30.5,19.6,736,4232,4968
153,2018-03-06,invierno,2018,marzo,no,martes,sí,cielo despejado,25.4,29.4,35.4,17.0,898,4414,5312
154,2018-04-06,primavera,2018,abril,no,viernes,sí,cielo despejado,26.0,29.7,45.6,8.3,1869,3473,5342
155,2018-05-06,primavera,2018,mayo,no,domingo,no,niebla,26.6,30.8,65.2,9.3,1685,3221,4906
156,2018-06-06,primavera,2018,junio,no,miércoles,sí,cielo despejado,27.8,31.1,60.0,8.2,673,3875,4548
157,2018-07-06,verano,2018,julio,no,viernes,sí,cielo despejado,29.0,32.8,59.8,12.6,763,4070,4833
158,2018-08-06,verano,2018,agosto,no,lunes,sí,cielo despejado,31.8,36.4,62.2,9.2,676,3725,4401
159,2018-09-06,verano,2018,septiembre,no,jueves,sí,niebla,33.1,37.9,56.8,10.0,563,3352,3915
160,2018-10-06,otoño,2018,octubre,no,sábado,no,cielo despejado,31.0,35.2,60.5,9.4,815,3771,4586
161,2018-11-06,otoño,2018,noviembre,no,martes,sí,cielo despejado,29.7,33.9,65.5,10.4,1729,3237,4966
162,2018-12-06,otoño,2018,diciembre,no,jueves,sí,cielo despejado,28.4,32.2,74.8,11.0,1467,2993,4460
163,2018-06-13,primavera,2018,junio,no,miércoles,sí,cielo despejado,26.0,30.1,49.5,20.5,863,4157,5020
164,2018-06-14,primavera,2018,junio,no,jueves,sí,cielo despejado,24.8,29.6,50.7,18.0,727,4164,4891
165,2018-06-15,primavera,2018,junio,no,viernes,sí,cielo despejado,25.7,29.4,47.2,11.3,769,4411,5180
166,2018-06-16,primavera,2018,junio,no,sábado,no,niebla,25.8,29.8,68.8,13.8,545,3222,3767
167,2018-06-17,primavera,2018,junio,no,domingo,no,cielo despejado,26.6,30.0,73.6,9.6,863,3981,4844
168,2018-06-18,primavera,2018,junio,no,lunes,sí,cielo despejado,28.6,32.2,67.0,8.0,1807,3312,5119
169,2018-06-19,primavera,2018,junio,no,martes,sí,niebla,28.7,32.3,66.7,6.8,1639,3105,4744
170,2018-06-20,primavera,2018,junio,no,miércoles,sí,niebla,26.0,29.8,74.6,10.4,699,3311,4010
171,2018-06-21,verano,2018,junio,no,jueves,sí,niebla,27.9,31.9,77.0,11.5,774,4061,4835
172,2018-06-22,verano,2018,junio,no,viernes,sí,cielo despejado,30.1,34.7,70.8,11.5,661,3846,4507
173,2018-06-23,verano,2018,junio,no,sábado,no,niebla,29.9,34.7,70.3,16.0,746,4044,4790
174,2018-06-24,verano,2018,junio,no,domingo,no,cielo despejado,29.7,32.8,57.3,14.9,969,4022,4991
175,2018-06-25,verano,2018,junio,no,lunes,sí,cielo despejado,28.5,32.2,48.3,14.0,1782,3420,5202
176,2018-06-26,verano,2018,junio,no,martes,sí,cielo despejado,27.9,31.9,51.3,6.3,1920,3385,5305
177,2018-06-27,verano,2018,junio,no,miércoles,sí,niebla,28.0,31.9,65.8,7.2,854,3854,4708
178,2018-06-28,verano,2018,junio,no,jueves,sí,cielo despejado,30.5,34.6,63.4,9.7,732,3916,4648
179,2018-06-29,verano,2018,junio,no,viernes,sí,cielo despejado,29.9,32.7,49.8,17.5,848,4377,5225
180,2018-06-30,verano,2018,junio,no,sábado,no,cielo despejado,28.6,31.9,43.4,12.4,1027,4488,5515
181,2018-01-07,invierno,2018,enero,no,domingo,no,cielo despejado,29.6,32.6,39.6,6.9,1246,4116,5362
182,2018-02-07,invierno,2018,febrero,no,miércoles,sí,cielo despejado,30.3,33.4,44.5,7.7,2204,2915,5119
183,2018-03-07,invierno,2018,marzo,no,miércoles,sí,niebla,29.4,33.4,68.2,15.3,2282,2367,4649
184,2018-04-07,primavera,2018,abril,no,sábado,no,niebla,29.8,33.3,63.8,5.5,3065,2978,6043
185,2018-05-07,primavera,2018,mayo,no,lunes,sí,cielo despejado,30.6,34.8,59.0,8.5,1031,3634,4665
186,2018-06-07,primavera,2018,junio,no,jueves,sí,cielo despejado,29.5,34.3,74.3,10.0,784,3845,4629
187,2018-07-07,verano,2018,julio,no,sábado,no,cielo despejado,30.8,34.3,65.1,10.7,754,3838,4592
188,2018-08-07,verano,2018,agosto,no,martes,sí,niebla,29.1,33.5,75.8,15.1,692,3348,4040
189,2018-09-07,verano,2018,septiembre,no,viernes,sí,cielo despejado,30.1,33.2,60.9,11.3,1988,3348,5336
190,2018-10-07,otoño,2018,octubre,no,domingo,no,cielo despejado,30.6,34.5,57.8,12.3,1743,3138,4881
191,2018-11-07,otoño,2018,noviembre,no,miércoles,sí,cielo despejado,31.3,36.5,63.6,18.9,723,3363,4086
192,2018-12-07,otoño,2018,diciembre,no,viernes,sí,cielo despejado,32.6,37.0,55.9,13.4,662,3596,4258
193,2018-07-13,verano,2018,julio,no,viernes,sí,cielo despejado,30.6,34.5,63.2,9.8,748,3594,4342
194,2018-07-14,verano,2018,julio,no,sábado,no,cielo despejado,27.9,31.8,47.6,16.1,888,4196,5084
195,2018-07-15,verano,2018,julio,no,domingo,no,cielo despejado,27.2,31.2,59.1,12.2,1318,4220,5538
196,2018-07-16,verano,2018,julio,no,lunes,sí,cielo despejado,28.2,31.9,58.5,14.0,2418,3505,5923
197,2018-07-17,verano,2018,julio,no,martes,sí,cielo despejado,29.5,33.5,60.4,16.4,2006,3296,5302
198,2018-07-18,verano,2018,julio,no,miércoles,sí,cielo despejado,30.6,35.2,65.1,14.5,841,3617,4458
199,2018-07-19,verano,2018,julio,no,jueves,sí,cielo despejado,31.8,37.4,65.0,8.8,752,3789,4541
200,2018-07-20,verano,2018,julio,no,viernes,sí,cielo despejado,31.5,37.3,70.7,7.6,644,3688,4332
201,2018-07-21,verano,2018,julio,no,sábado,no,niebla,33.4,41.3,69.1,14.9,632,3152,3784
202,2018-07-22,verano,2018,julio,no,domingo,no,cielo despejado,34.8,42.0,58.0,8.9,562,2825,3387
203,2018-07-23,verano,2018,julio,no,lunes,sí,cielo despejado,34.8,40.2,50.0,8.8,987,2298,3285
204,2018-07-24,verano,2018,julio,no,martes,sí,cielo despejado,34.0,39.7,55.1,11.3,1050,2556,3606
205,2018-07-25,verano,2018,julio,no,miércoles,sí,cielo despejado,30.5,36.0,75.7,6.1,568,3272,3840
206,2018-07-26,verano,2018,julio,no,jueves,sí,cielo despejado,31.6,34.8,54.1,13.4,750,3840,4590
207,2018-07-27,verano,2018,julio,no,viernes,sí,cielo despejado,31.8,34.5,40.3,12.3,755,3901,4656
208,2018-07-28,verano,2018,julio,no,sábado,no,cielo despejado,31.9,37.0,58.3,12.0,606,3784,4390
209,2018-07-29,verano,2018,julio,no,domingo,no,cielo despejado,34.4,39.3,54.2,11.7,670,3176,3846
210,2018-07-30,verano,2018,julio,no,lunes,sí,cielo despejado,33.0,36.4,46.6,11.3,1559,2916,4475
211,2018-07-31,verano,2018,julio,no,martes,sí,cielo despejado,33.0,36.5,48.1,11.0,1524,2778,4302
212,2018-01-08,invierno,2018,enero,no,lunes,sí,cielo despejado,31.6,35.2,55.1,10.5,729,3537,4266
213,2018-02-08,invierno,2018,febrero,no,jueves,sí,cielo despejado,32.1,35.4,49.1,13.8,801,4044,4845
214,2018-03-08,invierno,2018,marzo,no,jueves,sí,niebla,30.0,34.0,65.8,9.1,467,3107,3574
215,2018-04-08,primavera,2018,abril,no,domingo,no,niebla,29.1,33.2,75.8,13.2,799,3777,4576
216,2018-05-08,primavera,2018,mayo,no,martes,sí,cielo despejado,29.1,32.8,63.1,12.4,1023,3843,4866
217,2018-06-08,primavera,2018,junio,no,viernes,sí,niebla,29.4,33.8,75.5,15.3,1521,2773,4294
218,2018-07-08,verano,2018,julio,no,domingo,no,cielo despejado,30.4,35.8,75.3,13.5,1298,2487,3785
219,2018-08-08,verano,2018,agosto,no,miércoles,sí,cielo despejado,31.4,35.2,59.2,12.9,846,3480,4326
220,2018-09-08,verano,2018,septiembre,no,sábado,no,cielo despejado,31.8,36.2,57.0,10.1,907,3695,4602
221,2018-10-08,otoño,2018,octubre,sí,lunes,no,cielo despejado,31.4,34.2,42.4,13.4,884,3896,4780
222,2018-11-08,otoño,2018,noviembre,no,jueves,sí,cielo despejado,29.4,32.6,42.4,11.0,812,3980,4792
223,2018-12-08,otoño,2018,diciembre,no,sábado,no,cielo despejado,29.0,32.7,41.5,8.4,1051,3854,4905
224,2018-08-13,verano,2018,agosto,no,lunes,sí,niebla,28.1,32.3,73.0,14.2,1504,2646,4150
225,2018-08-14,verano,2018,agosto,no,martes,sí,niebla,27.7,31.2,81.8,14.9,1338,2482,3820
226,2018-08-15,verano,2018,agosto,no,miércoles,sí,cielo despejado,27.3,30.8,71.2,14.0,775,3563,4338
227,2018-08-16,verano,2018,agosto,no,jueves,sí,cielo despejado,28.7,32.3,57.8,15.8,721,4004,4725
228,2018-08-17,verano,2018,agosto,no,viernes,sí,cielo despejado,29.7,33.3,57.5,9.6,668,4026,4694
229,2018-08-18,verano,2018,agosto,no,sábado,no,cielo despejado,29.2,33.1,65.5,15.6,639,3166,3805
230,2018-08-19,verano,2018,agosto,no,domingo,no,niebla,28.1,31.7,72.3,9.3,797,3356,4153
231,2018-08-20,verano,2018,agosto,no,lunes,sí,cielo despejado,28.6,32.4,67.4,7.0,1914,3277,5191
232,2018-08-21,verano,2018,agosto,no,martes,sí,cielo despejado,29.1,33.8,77.0,16.7,1249,2624,3873
233,2018-08-22,verano,2018,agosto,no,miércoles,sí,cielo despejado,28.4,31.9,47.0,18.5,833,3925,4758
234,2018-08-23,verano,2018,agosto,no,jueves,sí,cielo despejado,26.3,30.3,45.5,9.8,1281,4614,5895
235,2018-08-24,verano,2018,agosto,no,viernes,sí,cielo despejado,27.6,31.5,60.5,17.0,949,4181,5130
236,2018-08-25,verano,2018,agosto,no,sábado,no,niebla,28.1,32.3,77.2,14.1,435,3107,3542
237,2018-08-26,verano,2018,agosto,no,domingo,no,cielo despejado,28.7,33.0,76.1,5.6,768,3893,4661
238,2018-08-27,verano,2018,agosto,no,lunes,sí,niebla,27.9,31.8,85.0,25.2,226,889,1115
239,2018-08-28,verano,2018,agosto,no,martes,sí,cielo despejado,29.0,32.4,56.2,20.4,1415,2919,4334
240,2018-08-29,verano,2018,agosto,no,miércoles,sí,cielo despejado,26.1,30.4,55.5,10.7,729,3905,4634
241,2018-08-30,verano,2018,agosto,no,jueves,sí,cielo despejado,26.2,29.7,54.8,8.4,775,4429,5204
242,2018-08-31,verano,2018,agosto,no,viernes,sí,cielo despejado,26.9,30.6,59.8,5.6,688,4370,5058
243,2018-01-09,invierno,2018,enero,no,martes,sí,cielo despejado,26.9,30.7,63.9,9.5,783,4332,5115
244,2018-02-09,invierno,2018,febrero,no,viernes,sí,niebla,26.4,30.2,72.7,9.4,875,3852,4727
245,2018-03-09,invierno,2018,marzo,no,viernes,sí,cielo despejado,27.4,31.7,71.7,12.4,1935,2549,4484
246,2018-04-09,primavera,2018,abril,no,lunes,sí,cielo despejado,29.1,33.3,74.2,13.8,2521,2419,4940
247,2018-05-09,primavera,2018,mayo,no,miércoles,sí,niebla,27.6,31.3,79.0,14.3,1236,2115,3351
248,2018-06-09,primavera,2018,junio,no,sábado,no,precipitaciones ligeras,22.1,25.8,88.7,23.0,204,2506,2710
249,2018-07-09,verano,2018,julio,no,lunes,sí,precipitaciones ligeras,24.6,27.2,91.7,6.5,118,1878,1996
250,2018-08-09,verano,2018,agosto,no,jueves,sí,precipitaciones ligeras,26.0,27.8,94.0,12.9,153,1689,1842
251,2018-09-09,verano,2018,septiembre,no,domingo,no,niebla,26.6,28.9,89.8,8.3,417,3127,3544
252,2018-10-09,otoño,2018,octubre,no,martes,sí,cielo despejado,27.1,30.4,75.4,10.3,1750,3595,5345
253,2018-11-09,otoño,2018,noviembre,no,viernes,sí,cielo despejado,26.8,30.5,71.4,7.7,1633,3413,5046
254,2018-12-09,otoño,2018,diciembre,no,domingo,no,cielo despejado,26.4,30.1,69.2,6.0,690,4023,4713
255,2018-09-13,verano,2018,septiembre,no,jueves,sí,cielo despejado,26.7,30.2,71.2,9.5,701,4062,4763
256,2018-09-14,verano,2018,septiembre,no,viernes,sí,cielo despejado,27.6,31.3,69.7,11.2,647,4138,4785
257,2018-09-15,verano,2018,septiembre,no,sábado,no,niebla,23.7,27.7,70.9,18.2,428,3231,3659
258,2018-09-16,verano,2018,septiembre,no,domingo,no,niebla,19.2,23.1,59.0,11.0,742,4018,4760
259,2018-09-17,verano,2018,septiembre,no,lunes,sí,niebla,20.2,23.9,71.8,12.7,1434,3077,4511
260,2018-09-18,verano,2018,septiembre,no,martes,sí,cielo despejado,20.8,24.5,69.5,12.0,1353,2921,4274
261,2018-09-19,verano,2018,septiembre,no,miércoles,sí,niebla,22.5,26.5,69.0,10.2,691,3848,4539
262,2018-09-20,verano,2018,septiembre,no,jueves,sí,niebla,23.0,26.6,88.1,9.0,438,3203,3641
263,2018-09-21,verano,2018,septiembre,no,viernes,sí,niebla,24.4,27.5,90.0,6.5,539,3813,4352
264,2018-09-22,verano,2018,septiembre,no,sábado,no,niebla,25.8,27.7,90.2,8.6,555,4240,4795
265,2018-09-23,otoño,2018,septiembre,no,domingo,no,niebla,25.0,26.1,97.2,5.3,258,2137,2395
266,2018-09-24,otoño,2018,septiembre,no,lunes,sí,niebla,24.9,28.2,86.2,5.3,1776,3647,5423
267,2018-09-25,otoño,2018,septiembre,no,martes,sí,niebla,26.0,28.6,84.5,3.4,1544,3466,5010
268,2018-09-26,otoño,2018,septiembre,no,miércoles,sí,niebla,26.6,29.5,84.8,7.4,684,3946,4630
269,2018-09-27,otoño,2018,septiembre,no,jueves,sí,niebla,26.1,28.7,88.5,7.9,477,3643,4120
270,2018-09-28,otoño,2018,septiembre,no,viernes,sí,niebla,26.0,28.8,84.9,10.0,480,3427,3907
271,2018-09-29,otoño,2018,septiembre,no,sábado,no,cielo despejado,25.3,28.7,69.9,11.6,653,4186,4839
272,2018-09-30,otoño,2018,septiembre,no,domingo,no,cielo despejado,23.1,27.2,64.8,13.8,830,4372,5202
273,2018-01-10,invierno,2018,enero,no,miércoles,sí,niebla,16.8,20.6,75.4,19.6,480,1949,2429
274,2018-02-10,invierno,2018,febrero,no,sábado,no,niebla,14.6,17.3,79.2,14.9,616,2302,2918
275,2018-03-10,invierno,2018,marzo,no,sábado,no,niebla,15.8,19.6,76.1,5.6,330,3240,3570
276,2018-04-10,primavera,2018,abril,no,martes,sí,cielo despejado,19.9,23.6,71.0,13.8,486,3970,4456
277,2018-05-10,primavera,2018,mayo,no,jueves,sí,cielo despejado,22.1,26.4,64.8,11.9,559,4267,4826
278,2018-06-10,primavera,2018,junio,no,domingo,no,cielo despejado,20.3,24.0,62.1,9.0,639,4126,4765
279,2018-07-10,verano,2018,julio,no,martes,sí,cielo despejado,20.9,25.2,68.4,1.5,949,4036,4985
280,2018-08-10,verano,2018,agosto,no,viernes,sí,cielo despejado,21.4,25.7,70.1,3.0,2235,3174,5409
281,2018-09-10,verano,2018,septiembre,no,lunes,sí,cielo despejado,22.2,26.2,72.8,4.3,2397,3114,5511
282,2018-10-10,otoño,2018,octubre,no,miércoles,sí,cielo despejado,23.4,27.1,73.4,2.8,1514,3603,5117
283,2018-11-10,otoño,2018,noviembre,no,sábado,no,niebla,23.2,27.3,80.9,9.6,667,3896,4563
284,2018-12-10,otoño,2018,diciembre,no,lunes,sí,precipitaciones ligeras,22.3,25.9,90.6,16.6,217,2199,2416
285,2018-10-13,otoño,2018,octubre,no,sábado,no,niebla,24.2,27.6,89.7,9.5,290,2623,2913
286,2018-10-14,otoño,2018,octubre,no,domingo,no,niebla,22.6,26.5,71.6,15.0,529,3115,3644
287,2018-10-15,otoño,2018,octubre,no,lunes,sí,cielo despejado,20.8,24.9,48.3,17.3,1899,3318,5217
288,2018-10-16,otoño,2018,octubre,no,martes,sí,cielo despejado,21.0,25.2,48.7,18.9,1748,3293,5041
289,2018-10-17,otoño,2018,octubre,no,miércoles,sí,cielo despejado,21.9,25.5,58.0,11.8,713,3857,4570
290,2018-10-18,otoño,2018,octubre,no,jueves,sí,niebla,21.8,26.1,70.2,7.4,637,4111,4748
291,2018-10-19,otoño,2018,octubre,no,viernes,sí,precipitaciones ligeras,22.2,25.7,89.5,16.3,254,2170,2424
292,2018-10-20,otoño,2018,octubre,no,sábado,no,cielo despejado,19.5,23.3,63.6,28.3,471,3724,4195
293,2018-10-21,otoño,2018,octubre,no,domingo,no,cielo despejado,17.5,21.2,57.4,14.8,676,3628,4304
294,2018-10-22,otoño,2018,octubre,no,lunes,sí,cielo despejado,17.3,21.3,62.9,6.2,1499,2809,4308
295,2018-10-23,otoño,2018,octubre,no,martes,sí,cielo despejado,17.3,21.1,74.1,6.7,1619,2762,4381
296,2018-10-24,otoño,2018,octubre,no,miércoles,sí,cielo despejado,19.0,22.9,77.2,8.0,699,3488,4187
297,2018-10-25,otoño,2018,octubre,no,jueves,sí,cielo despejado,19.3,23.2,62.3,11.2,695,3992,4687
298,2018-10-26,otoño,2018,octubre,no,viernes,sí,niebla,19.9,23.6,72.0,10.0,404,3490,3894
299,2018-10-27,otoño,2018,octubre,no,sábado,no,niebla,19.3,22.9,81.3,13.3,240,2419,2659
300,2018-10-28,otoño,2018,octubre,no,domingo,no,niebla,13.6,15.9,58.6,15.4,456,3291,3747
301,2018-10-29,otoño,2018,octubre,no,lunes,sí,precipitaciones ligeras,10.4,11.4,88.2,23.5,57,570,627
302,2018-10-30,otoño,2018,octubre,no,martes,sí,cielo despejado,13.1,16.1,62.4,11.8,885,2446,3331
303,2018-10-31,otoño,2018,octubre,no,miércoles,sí,cielo despejado,13.9,17.8,70.3,7.1,362,3307,3669
304,2018-01-11,invierno,2018,enero,no,jueves,sí,cielo despejado,16.4,19.9,68.4,9.1,410,3658,4068
305,2018-02-11,invierno,2018,febrero,no,domingo,no,cielo despejado,15.5,19.5,71.9,5.5,370,3816,4186
306,2018-03-11,invierno,2018,marzo,no,domingo,no,cielo despejado,16.7,20.3,70.2,9.2,318,3656,3974
307,2018-04-11,primavera,2018,abril,no,miércoles,sí,niebla,16.5,20.2,62.2,18.2,470,3576,4046
308,2018-05-11,primavera,2018,mayo,no,viernes,sí,cielo despejado,13.4,16.2,51.9,12.7,1156,2770,3926
309,2018-06-11,primavera,2018,junio,no,lunes,sí,cielo despejado,14.3,18.1,73.5,6.2,952,2697,3649
310,2018-07-11,verano,2018,julio,no,miércoles,sí,cielo despejado,16.2,20.0,75.9,3.8,373,3662,4035
311,2018-08-11,verano,2018,agosto,no,sábado,no,cielo despejado,16.7,20.6,72.2,4.6,376,3829,4205
312,2018-09-11,verano,2018,septiembre,no,martes,sí,cielo despejado,16.4,20.5,75.8,4.2,305,3804,4109
313,2018-10-11,otoño,2018,octubre,no,jueves,sí,niebla,15.6,18.7,81.3,12.7,190,2743,2933
314,2018-11-11,otoño,2018,noviembre,sí,domingo,no,cielo despejado,13.3,15.3,44.6,21.1,440,2928,3368
315,2018-12-11,otoño,2018,diciembre,no,martes,sí,cielo despejado,14.6,17.9,55.3,14.2,1275,2792,4067
316,2018-11-13,otoño,2018,noviembre,no,martes,sí,cielo despejado,18.1,21.5,45.8,18.9,1004,2713,3717
317,2018-11-14,otoño,2018,noviembre,no,miércoles,sí,cielo despejado,21.7,26.2,58.7,20.5,595,3891,4486
318,2018-11-15,otoño,2018,noviembre,no,jueves,sí,niebla,21.7,25.4,68.9,13.4,449,3746,4195
319,2018-11-16,otoño,2018,noviembre,no,viernes,sí,precipitaciones ligeras,18.7,22.6,93.0,9.2,145,1672,1817
320,2018-11-17,otoño,2018,noviembre,no,sábado,no,niebla,14.0,16.2,57.6,20.5,139,2914,3053
321,2018-11-18,otoño,2018,noviembre,no,domingo,no,cielo despejado,11.2,13.6,41.0,11.3,245,3147,3392
322,2018-11-19,otoño,2018,noviembre,no,lunes,sí,cielo despejado,13.5,16.2,50.2,15.0,943,2720,3663
323,2018-11-20,otoño,2018,noviembre,no,martes,sí,niebla,19.0,22.9,68.5,12.5,787,2733,3520
324,2018-11-21,otoño,2018,noviembre,no,miércoles,sí,precipitaciones ligeras,18.3,22.3,91.0,9.2,220,2545,2765
325,2018-11-22,otoño,2018,noviembre,sí,jueves,no,precipitaciones ligeras,17.1,21.1,96.2,8.0,69,1538,1607
326,2018-11-23,otoño,2018,noviembre,no,viernes,sí,niebla,18.1,21.5,75.8,22.5,112,2454,2566
327,2018-11-24,otoño,2018,noviembre,no,sábado,no,cielo despejado,15.3,18.6,54.9,11.2,560,935,1495
328,2018-11-25,otoño,2018,noviembre,no,domingo,no,cielo despejado,15.4,19.0,64.4,6.6,1095,1697,2792
329,2018-11-26,otoño,2018,noviembre,no,lunes,sí,cielo despejado,15.4,19.3,68.2,4.6,1249,1819,3068
330,2018-11-27,otoño,2018,noviembre,no,martes,sí,cielo despejado,18.8,22.8,69.8,14.0,810,2261,3071
331,2018-11-28,otoño,2018,noviembre,no,miércoles,sí,cielo despejado,20.6,24.5,74.3,9.5,253,3614,3867
332,2018-11-29,otoño,2018,noviembre,no,jueves,sí,niebla,18.8,22.6,83.1,17.3,96,2818,2914
333,2018-11-30,otoño,2018,noviembre,no,viernes,sí,cielo despejado,13.3,15.6,61.3,18.2,188,3425,3613
334,2018-01-12,invierno,2018,enero,no,viernes,sí,cielo despejado,12.8,15.3,52.5,14.8,182,3545,3727
335,2018-02-12,invierno,2018,febrero,no,lunes,sí,cielo despejado,12.9,16.6,62.6,6.8,268,3672,3940
336,2018-03-12,invierno,2018,marzo,no,lunes,sí,cielo despejado,12.3,15.5,61.3,6.4,706,2908,3614
337,2018-04-12,primavera,2018,abril,no,jueves,sí,cielo despejado,13.6,17.5,77.6,5.6,634,2851,3485
338,2018-05-12,primavera,2018,mayo,no,sábado,no,niebla,15.8,19.7,82.7,4.2,233,3578,3811
339,2018-06-12,primavera,2018,junio,no,martes,sí,precipitaciones ligeras,19.0,22.8,95.0,15.6,126,2468,2594
340,2018-07-12,verano,2018,julio,no,jueves,sí,precipitaciones ligeras,16.8,20.0,97.0,17.8,50,655,705
341,2018-08-12,verano,2018,agosto,no,domingo,no,cielo despejado,10.9,12.8,58.0,16.1,150,3172,3322
342,2018-09-12,verano,2018,septiembre,no,miércoles,sí,cielo despejado,11.9,15.9,69.6,5.5,261,3359,3620
343,2018-10-12,otoño,2018,octubre,no,viernes,sí,cielo despejado,11.3,13.3,50.8,15.6,502,2688,3190
344,2018-11-12,otoño,2018,noviembre,sí,lunes,no,cielo despejado,9.1,12.7,49.0,4.5,377,2366,2743
345,2018-12-12,otoño,2018,diciembre,no,miércoles,sí,cielo despejado,9.8,13.5,67.1,4.3,143,3167,3310
346,2018-12-13,otoño,2018,diciembre,no,jueves,sí,cielo despejado,11.6,15.1,59.0,9.4,155,3368,3523
347,2018-12-14,otoño,2018,diciembre,no,viernes,sí,niebla,13.0,16.9,66.4,4.1,178,3562,3740
348,2018-12-15,otoño,2018,diciembre,no,sábado,no,niebla,17.3,20.6,63.4,18.0,181,3528,3709
349,2018-12-16,otoño,2018,diciembre,no,domingo,no,niebla,15.4,18.0,50.0,17.5,178,3399,3577
350,2018-12-17,otoño,2018,diciembre,no,lunes,sí,niebla,10.6,12.5,56.1,16.3,275,2464,2739
351,2018-12-18,otoño,2018,diciembre,no,martes,sí,cielo despejado,9.8,12.3,58.6,11.4,220,2211,2431
352,2018-12-19,otoño,2018,diciembre,no,miércoles,sí,cielo despejado,11.3,14.0,63.8,11.6,260,3143,3403
353,2018-12-20,otoño,2018,diciembre,no,jueves,sí,niebla,15.8,19.8,59.5,4.1,216,3534,3750
354,2018-12-21,otoño,2018,diciembre,no,viernes,sí,niebla,17.6,21.4,85.8,14.8,107,2553,2660
355,2018-12-22,invierno,2018,diciembre,no,sábado,no,niebla,17.4,21.3,75.8,3.2,227,2841,3068
356,2018-12-23,invierno,2018,diciembre,no,domingo,no,cielo despejado,15.3,18.9,68.6,18.4,163,2046,2209
357,2018-12-24,invierno,2018,diciembre,no,lunes,sí,cielo despejado,12.4,15.0,54.2,12.8,155,856,1011
358,2018-12-25,invierno,2018,diciembre,sí,martes,no,cielo despejado,11.3,14.0,68.1,10.4,303,451,754
359,2018-12-26,invierno,2018,diciembre,no,miércoles,sí,cielo despejado,13.2,15.8,50.7,16.0,430,887,1317
360,2018-12-27,invierno,2018,diciembre,no,jueves,sí,niebla,13.3,16.4,76.2,12.6,103,1059,1162
361,2018-12-28,invierno,2018,diciembre,no,viernes,sí,cielo despejado,12.3,14.0,50.4,19.7,255,2047,2302
362,2018-12-29,invierno,2018,diciembre,no,sábado,no,cielo despejado,10.2,13.2,57.4,8.0,254,2169,2423
363,2018-12-30,invierno,2018,diciembre,no,domingo,no,cielo despejado,12.8,15.9,63.7,9.0,491,2508,2999
364,2018-12-31,invierno,2018,diciembre,no,lunes,sí,cielo despejado,16.8,20.7,61.6,14.8,665,1820,2485
365,2019-01-01,invierno,2019,enero,sí,martes,no,cielo despejado,15.2,18.8,69.2,12.9,686,1608,2294
366,2019-02-01,invierno,2019,febrero,no,viernes,sí,cielo despejado,11.2,12.6,38.1,22.1,244,1707,1951
367,2019-03-01,invierno,2019,marzo,no,viernes,sí,cielo despejado,6.2,6.3,44.1,24.5,89,2147,2236
368,2019-04-01,primavera,2019,abril,no,lunes,sí,niebla,4.4,6.0,41.5,12.4,95,2273,2368
369,2019-05-01,primavera,2019,mayo,no,miércoles,sí,cielo despejado,10.9,13.9,52.4,8.7,140,3132,3272
370,2019-06-01,primavera,2019,junio,no,sábado,no,cielo despejado,13.7,17.0,54.2,11.2,307,3791,4098
371,2019-07-01,verano,2019,julio,no,lunes,sí,cielo despejado,16.1,19.5,53.2,11.7,1070,3451,4521
372,2019-08-01,verano,2019,agosto,no,jueves,sí,cielo despejado,13.8,17.0,46.5,12.8,599,2826,3425
373,2019-09-01,verano,2019,septiembre,no,domingo,no,niebla,9.2,12.4,70.2,6.6,106,2270,2376
374,2019-10-01,otoño,2019,octubre,no,martes,sí,cielo despejado,12.7,15.9,64.7,12.6,173,3425,3598
375,2019-11-01,otoño,2019,noviembre,no,viernes,sí,niebla,11.2,14.1,84.8,8.8,92,2085,2177
376,2019-12-01,otoño,2019,diciembre,no,domingo,no,niebla,15.7,19.1,80.3,12.1,269,3828,4097
377,2019-01-13,invierno,2019,enero,no,domingo,no,cielo despejado,11.2,12.5,50.8,25.3,174,3040,3214
378,2019-01-14,invierno,2019,enero,no,lunes,sí,cielo despejado,7.4,9.2,45.8,12.5,333,2160,2493
379,2019-01-15,invierno,2019,enero,no,martes,sí,cielo despejado,6.8,8.1,41.9,16.8,284,2027,2311
380,2019-01-16,invierno,2019,enero,no,miércoles,sí,cielo despejado,7.8,9.5,52.2,15.5,217,2081,2298
381,2019-01-17,invierno,2019,enero,no,jueves,sí,niebla,15.3,18.2,71.6,23.4,127,2808,2935
382,2019-01-18,invierno,2019,enero,no,viernes,sí,cielo despejado,12.4,13.8,44.3,27.8,109,3267,3376
383,2019-01-19,invierno,2019,enero,no,sábado,no,cielo despejado,7.8,9.5,49.8,14.8,130,3162,3292
384,2019-01-20,invierno,2019,enero,no,domingo,no,niebla,8.9,11.0,45.0,13.6,115,3048,3163
385,2019-01-21,invierno,2019,enero,sí,lunes,no,niebla,7.1,8.7,83.1,14.9,67,1234,1301
386,2019-01-22,invierno,2019,enero,no,martes,sí,niebla,6.7,8.1,79.6,13.4,196,1781,1977
387,2019-01-23,invierno,2019,enero,no,miércoles,sí,niebla,9.0,12.2,91.1,7.4,145,2287,2432
388,2019-01-24,invierno,2019,enero,no,jueves,sí,cielo despejado,14.0,17.5,83.6,8.3,439,3900,4339
389,2019-01-25,invierno,2019,enero,no,viernes,sí,cielo despejado,12.1,14.7,64.4,10.8,467,3803,4270
390,2019-01-26,invierno,2019,enero,no,sábado,no,niebla,14.0,17.8,77.0,4.9,244,3831,4075
391,2019-01-27,invierno,2019,enero,no,domingo,no,niebla,17.4,20.8,74.1,23.0,269,3187,3456
392,2019-01-28,invierno,2019,enero,no,lunes,sí,cielo despejado,12.9,16.3,54.3,14.1,775,3248,4023
393,2019-01-29,invierno,2019,enero,no,martes,sí,cielo despejado,11.6,13.6,31.1,16.1,558,2685,3243
394,2019-01-30,invierno,2019,enero,no,miércoles,sí,cielo despejado,11.0,13.1,40.1,14.5,126,3498,3624
395,2019-01-31,invierno,2019,enero,no,jueves,sí,cielo despejado,16.0,19.1,41.7,17.5,324,4185,4509
396,2019-01-02,invierno,2019,enero,no,miércoles,sí,cielo despejado,19.2,23.3,50.8,12.7,304,4275,4579
397,2019-02-02,invierno,2019,febrero,no,sábado,no,niebla,16.4,19.9,67.3,12.5,190,3571,3761
398,2019-03-02,invierno,2019,marzo,no,sábado,no,cielo despejado,12.8,15.5,52.7,12.0,310,3841,4151
399,2019-04-02,primavera,2019,abril,no,martes,sí,niebla,10.8,13.6,78.0,8.2,384,2448,2832
400,2019-05-02,primavera,2019,mayo,no,jueves,sí,niebla,10.9,13.2,68.8,11.8,318,2629,2947
401,2019-06-02,primavera,2019,junio,no,domingo,no,cielo despejado,11.6,14.8,62.2,10.3,206,3578,3784
402,2019-07-02,verano,2019,julio,no,martes,sí,cielo despejado,14.5,18.1,49.6,9.9,199,4176,4375
403,2019-08-02,verano,2019,agosto,no,viernes,sí,niebla,10.5,13.3,72.3,9.0,109,2693,2802
404,2019-09-02,verano,2019,septiembre,sí,lunes,no,cielo despejado,10.9,13.1,56.2,13.0,163,3667,3830
405,2019-10-02,otoño,2019,octubre,no,miércoles,sí,niebla,11.5,14.7,54.0,7.8,227,3604,3831
406,2019-11-02,otoño,2019,noviembre,no,sábado,no,precipitaciones ligeras,9.2,10.5,73.1,19.4,192,1977,2169
407,2019-12-02,otoño,2019,diciembre,no,lunes,sí,cielo despejado,5.2,5.1,46.5,27.4,73,1456,1529
408,2019-02-13,invierno,2019,febrero,no,miércoles,sí,cielo despejado,9.1,11.4,41.1,11.2,94,3328,3422
409,2019-02-14,invierno,2019,febrero,no,jueves,sí,niebla,13.1,16.7,50.9,9.5,135,3787,3922
410,2019-02-15,invierno,2019,febrero,no,viernes,sí,cielo despejado,14.3,17.6,53.1,12.2,141,4028,4169
411,2019-02-16,invierno,2019,febrero,no,sábado,no,niebla,13.0,16.5,75.3,6.1,74,2931,3005
412,2019-02-17,invierno,2019,febrero,no,domingo,no,cielo despejado,14.1,17.6,63.5,13.8,349,3805,4154
413,2019-02-18,invierno,2019,febrero,sí,lunes,no,cielo despejado,14.2,17.8,53.5,12.8,1435,2883,4318
414,2019-02-19,invierno,2019,febrero,no,martes,sí,niebla,11.5,13.3,51.6,17.0,618,2071,2689
415,2019-02-20,invierno,2019,febrero,no,miércoles,sí,cielo despejado,11.5,13.7,50.8,15.3,502,2627,3129
416,2019-02-21,invierno,2019,febrero,no,jueves,sí,cielo despejado,11.8,14.8,59.4,13.8,163,3614,3777
417,2019-02-22,invierno,2019,febrero,no,viernes,sí,cielo despejado,16.2,19.6,56.8,15.7,394,4379,4773
418,2019-02-23,invierno,2019,febrero,no,sábado,no,cielo despejado,18.6,22.2,55.5,12.8,516,4546,5062
419,2019-02-24,invierno,2019,febrero,no,domingo,no,niebla,16.7,20.5,73.8,15.9,246,3241,3487
420,2019-02-25,invierno,2019,febrero,no,lunes,sí,cielo despejado,11.9,12.8,39.6,28.3,317,2415,2732
421,2019-02-26,invierno,2019,febrero,no,martes,sí,cielo despejado,11.4,13.4,41.0,13.8,515,2874,3389
422,2019-02-27,invierno,2019,febrero,no,miércoles,sí,cielo despejado,15.0,17.9,49.1,18.0,253,4069,4322
423,2019-02-28,invierno,2019,febrero,no,jueves,sí,cielo despejado,14.7,17.7,39.6,13.0,229,4134,4363
424,2019-01-03,invierno,2019,enero,no,jueves,sí,cielo despejado,19.9,23.8,61.5,15.2,325,4665,4990
425,2019-02-03,invierno,2019,febrero,no,domingo,no,niebla,14.5,18.0,65.7,9.7,246,2948,3194
426,2019-03-03,invierno,2019,marzo,no,domingo,no,niebla,17.0,20.7,62.1,10.8,956,3110,4066
427,2019-04-03,primavera,2019,abril,no,miércoles,sí,cielo despejado,13.4,15.2,40.3,22.4,710,2713,3423
428,2019-05-03,primavera,2019,mayo,no,viernes,sí,cielo despejado,10.0,12.1,50.6,15.3,203,3130,3333
429,2019-06-03,primavera,2019,junio,no,lunes,sí,cielo despejado,10.6,12.8,45.7,13.5,221,3735,3956
430,2019-07-03,verano,2019,julio,no,miércoles,sí,cielo despejado,16.6,19.3,51.3,23.2,432,4484,4916
431,2019-08-03,verano,2019,agosto,no,sábado,no,cielo despejado,21.6,26.2,56.8,29.6,486,4896,5382
432,2019-09-03,verano,2019,septiembre,no,martes,sí,niebla,16.8,19.9,40.7,27.8,447,4122,4569
433,2019-10-03,otoño,2019,octubre,no,jueves,sí,cielo despejado,11.8,13.9,35.0,15.1,968,3150,4118
434,2019-11-03,otoño,2019,noviembre,no,domingo,no,cielo despejado,14.8,18.0,47.7,14.9,1658,3253,4911
435,2019-12-03,otoño,2019,diciembre,no,martes,sí,cielo despejado,19.1,23.0,48.9,13.9,838,4460,5298
436,2019-03-13,invierno,2019,marzo,no,miércoles,sí,cielo despejado,23.2,27.1,61.8,15.9,762,5085,5847
437,2019-03-14,invierno,2019,marzo,no,jueves,sí,cielo despejado,23.5,27.4,50.7,7.7,997,5315,6312
438,2019-03-15,invierno,2019,marzo,no,viernes,sí,cielo despejado,22.9,26.6,58.0,10.0,1005,5187,6192
439,2019-03-16,invierno,2019,marzo,no,sábado,no,niebla,17.9,21.8,84.2,7.6,548,3830,4378
440,2019-03-17,invierno,2019,marzo,no,domingo,no,niebla,21.1,25.3,75.6,7.4,3155,4681,7836
441,2019-03-18,invierno,2019,marzo,no,lunes,sí,niebla,19.4,23.2,81.0,8.5,2207,3685,5892
442,2019-03-19,invierno,2019,marzo,no,martes,sí,cielo despejado,22.3,26.6,72.9,10.9,982,5171,6153
443,2019-03-20,primavera,2019,marzo,no,miércoles,sí,cielo despejado,23.0,26.9,80.8,8.1,1051,5042,6093
444,2019-03-21,primavera,2019,marzo,no,jueves,sí,niebla,21.8,25.7,82.1,6.0,1122,5108,6230
445,2019-03-22,primavera,2019,marzo,no,viernes,sí,cielo despejado,22.7,26.6,83.1,7.9,1334,5537,6871
446,2019-03-23,primavera,2019,marzo,no,sábado,no,niebla,24.7,28.5,69.4,7.8,2469,5893,8362
447,2019-03-24,primavera,2019,marzo,no,domingo,no,niebla,20.6,24.3,88.5,12.9,1033,2339,3372
448,2019-03-25,primavera,2019,marzo,no,lunes,sí,niebla,17.9,21.9,88.1,14.8,1532,3464,4996
449,2019-03-26,primavera,2019,marzo,no,martes,sí,cielo despejado,18.3,21.9,47.8,25.9,795,4763,5558
450,2019-03-27,primavera,2019,marzo,no,miércoles,sí,cielo despejado,13.3,15.8,29.0,12.5,531,4571,5102
451,2019-03-28,primavera,2019,marzo,no,jueves,sí,cielo despejado,19.9,23.5,48.1,19.5,674,5024,5698
452,2019-03-29,primavera,2019,marzo,no,viernes,sí,cielo despejado,20.3,24.1,43.9,21.4,834,5299,6133
453,2019-03-30,primavera,2019,marzo,no,sábado,no,niebla,15.2,18.8,58.1,9.3,796,4663,5459
454,2019-03-31,primavera,2019,marzo,no,domingo,no,niebla,17.4,21.1,73.8,16.8,2301,3934,6235
455,2019-01-04,invierno,2019,enero,no,viernes,sí,niebla,17.5,20.9,67.6,11.5,2347,3694,6041
456,2019-02-04,invierno,2019,febrero,no,lunes,sí,cielo despejado,17.8,21.4,50.4,20.9,1208,4728,5936
457,2019-03-04,invierno,2019,marzo,no,lunes,sí,cielo despejado,19.1,23.1,39.7,6.7,1348,5424,6772
458,2019-04-04,primavera,2019,abril,no,jueves,sí,cielo despejado,22.2,26.7,47.0,12.1,1058,5378,6436
459,2019-05-04,primavera,2019,mayo,no,sábado,no,cielo despejado,17.8,21.6,37.4,14.7,1192,5265,6457
460,2019-06-04,primavera,2019,junio,no,martes,sí,cielo despejado,16.5,19.5,37.7,20.1,1807,4653,6460
461,2019-07-04,verano,2019,julio,sí,jueves,no,cielo despejado,17.9,21.3,25.4,18.4,3252,3605,6857
462,2019-08-04,verano,2019,agosto,no,domingo,no,cielo despejado,20.5,24.6,27.6,15.6,2230,2939,5169
463,2019-09-04,verano,2019,septiembre,no,miércoles,sí,cielo despejado,20.1,23.8,31.8,24.0,905,4680,5585
464,2019-10-04,otoño,2019,octubre,no,viernes,sí,cielo despejado,18.3,21.8,43.5,16.7,819,5099,5918
465,2019-11-04,otoño,2019,noviembre,no,lunes,sí,cielo despejado,14.3,16.9,47.0,19.8,482,4380,4862
466,2019-12-04,otoño,2019,diciembre,no,miércoles,sí,cielo despejado,16.3,19.4,46.6,19.5,663,4746,5409
467,2019-04-13,primavera,2019,abril,no,sábado,no,cielo despejado,18.1,21.6,40.8,10.4,1252,5146,6398
468,2019-04-14,primavera,2019,abril,no,domingo,no,cielo despejado,20.3,24.4,50.3,12.8,2795,4665,7460
469,2019-04-15,primavera,2019,abril,no,lunes,sí,cielo despejado,24.9,28.7,50.8,15.1,2846,4286,7132
470,2019-04-16,primavera,2019,abril,sí,martes,no,cielo despejado,27.2,30.7,56.2,19.1,1198,5172,6370
471,2019-04-17,primavera,2019,abril,no,miércoles,sí,cielo despejado,24.9,29.9,39.0,18.3,989,5702,6691
472,2019-04-18,primavera,2019,abril,no,jueves,sí,niebla,19.0,22.9,56.9,11.3,347,4020,4367
473,2019-04-19,primavera,2019,abril,no,viernes,sí,cielo despejado,20.4,24.7,61.2,4.4,846,5719,6565
474,2019-04-20,primavera,2019,abril,no,sábado,no,cielo despejado,21.6,25.8,69.5,10.0,1340,5950,7290
475,2019-04-21,primavera,2019,abril,no,domingo,no,cielo despejado,23.4,27.1,68.3,19.0,2541,4083,6624
476,2019-04-22,primavera,2019,abril,no,lunes,sí,precipitaciones ligeras,16.3,19.5,83.5,23.1,120,907,1027
477,2019-04-23,primavera,2019,abril,no,martes,sí,niebla,13.2,15.1,76.7,20.3,195,3019,3214
478,2019-04-24,primavera,2019,abril,no,miércoles,sí,cielo despejado,16.9,20.3,45.4,16.7,518,5115,5633
479,2019-04-25,primavera,2019,abril,no,jueves,sí,cielo despejado,19.5,23.5,42.8,8.0,655,5541,6196
480,2019-04-26,primavera,2019,abril,no,viernes,sí,niebla,20.4,24.2,75.7,11.8,475,4551,5026
481,2019-04-27,primavera,2019,abril,no,sábado,no,cielo despejado,18.8,22.6,40.1,23.3,1014,5219,6233
482,2019-04-28,primavera,2019,abril,no,domingo,no,niebla,15.4,18.9,49.0,8.7,1120,3100,4220
483,2019-04-29,primavera,2019,abril,no,lunes,sí,cielo despejado,18.8,22.5,58.7,7.8,2229,4075,6304
484,2019-04-30,primavera,2019,abril,no,martes,sí,niebla,19.0,22.9,57.0,11.5,665,4907,5572
485,2019-01-05,invierno,2019,enero,no,sábado,no,niebla,25.1,28.9,66.0,10.5,653,5087,5740
486,2019-02-05,invierno,2019,febrero,no,martes,sí,cielo despejado,23.1,26.9,79.7,9.2,667,5502,6169
487,2019-03-05,invierno,2019,marzo,no,martes,sí,niebla,23.0,26.9,76.8,9.0,764,5657,6421
488,2019-04-05,primavera,2019,abril,no,viernes,sí,cielo despejado,25.7,29.5,73.5,10.9,1069,5227,6296
489,2019-05-05,primavera,2019,mayo,no,domingo,no,niebla,25.5,29.2,75.7,10.3,2496,4387,6883
490,2019-06-05,primavera,2019,junio,no,miércoles,sí,niebla,23.1,27.3,74.0,10.0,2135,4224,6359
491,2019-07-05,verano,2019,julio,no,viernes,sí,niebla,22.0,26.4,66.4,15.5,1008,5265,6273
492,2019-08-05,verano,2019,agosto,no,lunes,sí,niebla,23.8,27.9,68.6,19.8,738,4990,5728
493,2019-09-05,verano,2019,septiembre,no,jueves,sí,niebla,23.6,27.7,74.4,14.5,620,4097,4717
494,2019-10-05,otoño,2019,octubre,no,sábado,no,cielo despejado,20.7,24.6,55.2,21.0,1026,5546,6572
495,2019-11-05,otoño,2019,noviembre,no,martes,sí,cielo despejado,21.9,26.0,36.0,15.9,1319,5711,7030
496,2019-12-05,otoño,2019,diciembre,no,jueves,sí,cielo despejado,23.1,27.2,48.0,8.2,2622,4807,7429
497,2019-05-13,primavera,2019,mayo,no,lunes,sí,cielo despejado,25.1,29.3,57.6,15.1,2172,3946,6118
498,2019-05-14,primavera,2019,mayo,no,martes,sí,niebla,23.5,27.5,79.0,14.3,342,2501,2843
499,2019-05-15,primavera,2019,mayo,no,miércoles,sí,niebla,25.1,28.8,79.5,9.9,625,4490,5115
500,2019-05-16,primavera,2019,mayo,no,jueves,sí,cielo despejado,26.1,29.8,69.8,8.2,991,6433,7424
501,2019-05-17,primavera,2019,mayo,no,viernes,sí,cielo despejado,24.3,28.6,52.0,15.4,1242,6142,7384
502,2019-05-18,primavera,2019,mayo,no,sábado,no,cielo despejado,23.1,27.6,52.3,9.2,1521,6118,7639
503,2019-05-19,primavera,2019,mayo,no,domingo,no,cielo despejado,24.6,28.3,45.6,5.6,3410,4884,8294
504,2019-05-20,primavera,2019,mayo,no,lunes,sí,cielo despejado,25.5,29.2,53.0,17.0,2704,4425,7129
505,2019-05-21,primavera,2019,mayo,no,martes,sí,niebla,24.5,28.3,81.1,15.6,630,3729,4359
506,2019-05-22,primavera,2019,mayo,no,miércoles,sí,niebla,25.2,29.0,76.6,7.9,819,5254,6073
507,2019-05-23,primavera,2019,mayo,no,jueves,sí,niebla,25.5,29.2,77.5,6.8,766,4494,5260
508,2019-05-24,primavera,2019,mayo,no,viernes,sí,cielo despejado,26.9,30.3,71.7,11.6,1059,5711,6770
509,2019-05-25,primavera,2019,mayo,no,sábado,no,cielo despejado,27.9,31.4,74.7,9.4,1417,5317,6734
510,2019-05-26,primavera,2019,mayo,no,domingo,no,cielo despejado,28.4,32.1,73.2,13.3,2855,3681,6536
511,2019-05-27,primavera,2019,mayo,sí,lunes,no,cielo despejado,28.3,32.1,69.7,14.4,3283,3308,6591
512,2019-05-28,primavera,2019,mayo,no,martes,sí,cielo despejado,29.2,34.0,67.6,13.2,2557,3486,6043
513,2019-05-29,primavera,2019,mayo,no,miércoles,sí,cielo despejado,29.6,33.6,68.5,19.8,880,4863,5743
514,2019-05-30,primavera,2019,mayo,no,jueves,sí,niebla,26.9,30.6,67.0,9.0,745,6110,6855
515,2019-05-31,primavera,2019,mayo,no,viernes,sí,cielo despejado,27.9,31.6,49.3,13.1,1100,6238,7338
516,2019-01-06,invierno,2019,enero,no,domingo,no,niebla,26.8,30.4,75.5,15.9,533,3594,4127
517,2019-02-06,invierno,2019,febrero,no,miércoles,sí,cielo despejado,23.9,28.3,54.9,12.5,2795,5325,8120
518,2019-03-06,invierno,2019,marzo,no,miércoles,sí,cielo despejado,24.7,28.8,49.3,12.3,2494,5147,7641
519,2019-04-06,primavera,2019,abril,no,sábado,no,cielo despejado,24.5,28.9,48.7,19.1,1071,5927,6998
520,2019-05-06,primavera,2019,mayo,no,lunes,sí,niebla,22.2,26.3,61.3,14.0,968,6033,7001
521,2019-06-06,primavera,2019,junio,no,jueves,sí,cielo despejado,22.7,27.1,61.1,5.2,1027,6028,7055
522,2019-07-06,verano,2019,julio,no,sábado,no,cielo despejado,24.7,28.5,56.7,10.5,1038,6456,7494
523,2019-08-06,verano,2019,agosto,no,martes,sí,cielo despejado,26.6,29.9,46.8,11.8,1488,6248,7736
524,2019-09-06,verano,2019,septiembre,no,viernes,sí,cielo despejado,29.1,32.4,43.7,9.7,2708,4790,7498
525,2019-10-06,otoño,2019,octubre,no,domingo,no,cielo despejado,29.8,33.2,53.8,9.0,2224,4374,6598
526,2019-11-06,otoño,2019,noviembre,no,miércoles,sí,niebla,29.6,33.0,58.8,13.9,1017,5647,6664
527,2019-12-06,otoño,2019,diciembre,no,viernes,sí,niebla,26.8,29.9,83.3,14.4,477,4495,4972
528,2019-06-13,primavera,2019,junio,no,jueves,sí,cielo despejado,26.9,30.6,58.2,23.0,1173,6248,7421
529,2019-06-14,primavera,2019,junio,no,viernes,sí,cielo despejado,26.6,31.2,57.0,17.0,1180,6183,7363
530,2019-06-15,primavera,2019,junio,no,sábado,no,cielo despejado,26.2,30.0,59.0,11.8,1563,6102,7665
531,2019-06-16,primavera,2019,junio,no,domingo,no,cielo despejado,25.9,29.7,50.4,11.2,2963,4739,7702
532,2019-06-17,primavera,2019,junio,no,lunes,sí,cielo despejado,24.3,28.6,59.9,9.7,2634,4344,6978
533,2019-06-18,primavera,2019,junio,no,martes,sí,niebla,23.3,27.2,77.8,11.7,653,4446,5099
534,2019-06-19,primavera,2019,junio,no,miércoles,sí,cielo despejado,28.2,32.7,69.0,9.9,968,5857,6825
535,2019-06-20,primavera,2019,junio,no,jueves,sí,cielo despejado,32.1,36.0,59.2,7.6,872,5339,6211
536,2019-06-21,verano,2019,junio,no,viernes,sí,cielo despejado,33.0,37.6,56.8,8.0,778,5127,5905
537,2019-06-22,verano,2019,junio,no,sábado,no,cielo despejado,31.9,36.2,57.4,12.3,964,4859,5823
538,2019-06-23,verano,2019,junio,no,domingo,no,cielo despejado,30.0,32.6,53.5,12.0,2657,4801,7458
539,2019-06-24,verano,2019,junio,no,lunes,sí,cielo despejado,30.5,33.7,47.9,9.8,2551,4340,6891
540,2019-06-25,verano,2019,junio,no,martes,sí,cielo despejado,29.3,32.7,50.4,20.1,1139,5640,6779
541,2019-06-26,verano,2019,junio,no,miércoles,sí,cielo despejado,25.9,29.7,37.3,23.3,1077,6365,7442
542,2019-06-27,verano,2019,junio,no,jueves,sí,cielo despejado,28.6,32.0,36.0,18.2,1077,6258,7335
543,2019-06-28,verano,2019,junio,no,viernes,sí,cielo despejado,30.7,33.8,42.2,11.5,921,5958,6879
544,2019-06-29,verano,2019,junio,no,sábado,no,cielo despejado,34.2,39.3,48.9,11.1,829,4634,5463
545,2019-06-30,verano,2019,junio,no,domingo,no,cielo despejado,31.4,34.4,60.1,10.8,1455,4232,5687
546,2019-01-07,invierno,2019,enero,no,lunes,sí,cielo despejado,33.4,37.5,51.9,11.3,1421,4110,5531
547,2019-02-07,invierno,2019,febrero,no,jueves,sí,cielo despejado,32.0,35.1,44.7,13.1,904,5323,6227
548,2019-03-07,invierno,2019,marzo,no,jueves,sí,cielo despejado,32.0,35.1,49.2,8.5,1052,5608,6660
549,2019-04-07,primavera,2019,abril,no,domingo,no,cielo despejado,32.4,36.6,53.9,9.0,2562,4841,7403
550,2019-05-07,primavera,2019,mayo,no,martes,sí,cielo despejado,33.9,38.1,45.8,13.0,1405,4836,6241
551,2019-06-07,primavera,2019,junio,no,viernes,sí,cielo despejado,34.0,37.6,45.1,9.8,1366,4841,6207
552,2019-07-07,verano,2019,julio,no,domingo,no,cielo despejado,35.3,40.2,49.2,11.0,1448,3392,4840
553,2019-08-07,verano,2019,agosto,no,miércoles,sí,cielo despejado,33.7,39.5,57.4,8.4,1203,3469,4672
554,2019-09-07,verano,2019,septiembre,no,sábado,no,niebla,29.1,32.7,68.3,12.1,998,5571,6569
555,2019-10-07,otoño,2019,octubre,no,lunes,sí,niebla,29.6,33.2,66.8,10.2,954,5336,6290
556,2019-11-07,otoño,2019,noviembre,no,jueves,sí,cielo despejado,29.4,32.5,63.3,10.2,975,6289,7264
557,2019-12-07,otoño,2019,diciembre,no,sábado,no,cielo despejado,29.3,32.7,53.0,9.8,1032,6414,7446
558,2019-07-13,verano,2019,julio,no,sábado,no,niebla,30.0,33.4,48.6,5.4,1511,5988,7499
559,2019-07-14,verano,2019,julio,no,domingo,no,niebla,28.8,33.3,69.9,9.6,2355,4614,6969
560,2019-07-15,verano,2019,julio,no,lunes,sí,cielo despejado,30.6,35.3,71.8,11.2,1920,4111,6031
561,2019-07-16,verano,2019,julio,no,martes,sí,cielo despejado,31.3,36.2,64.5,11.0,1088,5742,6830
562,2019-07-17,verano,2019,julio,no,miércoles,sí,cielo despejado,33.6,37.8,50.6,7.7,921,5865,6786
563,2019-07-18,verano,2019,julio,no,jueves,sí,cielo despejado,32.5,37.3,57.7,9.2,799,4914,5713
564,2019-07-19,verano,2019,julio,no,viernes,sí,cielo despejado,31.6,35.7,60.0,11.1,888,5703,6591
565,2019-07-20,verano,2019,julio,no,sábado,no,niebla,27.3,30.7,84.4,14.0,747,5123,5870
566,2019-07-21,verano,2019,julio,no,domingo,no,precipitaciones ligeras,24.4,27.5,86.5,14.3,1264,3195,4459
567,2019-07-22,verano,2019,julio,no,lunes,sí,niebla,27.4,31.2,76.2,6.3,2544,4866,7410
568,2019-07-23,verano,2019,julio,no,martes,sí,cielo despejado,30.4,34.5,69.4,9.3,1135,5831,6966
569,2019-07-24,verano,2019,julio,no,miércoles,sí,cielo despejado,30.8,35.3,65.5,14.2,1140,6452,7592
570,2019-07-25,verano,2019,julio,no,jueves,sí,cielo despejado,29.7,32.7,45.0,11.0,1383,6790,8173
571,2019-07-26,verano,2019,julio,no,viernes,sí,cielo despejado,31.8,37.0,59.7,19.1,1036,5825,6861
572,2019-07-27,verano,2019,julio,no,sábado,no,cielo despejado,32.0,36.7,59.5,10.3,1259,5645,6904
573,2019-07-28,verano,2019,julio,no,domingo,no,cielo despejado,31.0,34.9,61.3,10.5,2234,4451,6685
574,2019-07-29,verano,2019,julio,no,lunes,sí,cielo despejado,29.6,33.4,62.4,11.4,2153,4444,6597
575,2019-07-30,verano,2019,julio,no,martes,sí,cielo despejado,30.0,34.2,66.9,10.3,1040,6065,7105
576,2019-07-31,verano,2019,julio,no,miércoles,sí,cielo despejado,29.2,33.1,70.4,11.1,968,6248,7216
577,2019-01-08,invierno,2019,enero,no,martes,sí,cielo despejado,29.4,33.4,67.8,9.5,1074,6506,7580
578,2019-02-08,invierno,2019,febrero,no,viernes,sí,cielo despejado,30.9,35.4,66.0,8.7,983,6278,7261
579,2019-03-08,invierno,2019,marzo,no,viernes,sí,niebla,31.4,36.1,64.2,14.5,1328,5847,7175
580,2019-04-08,primavera,2019,abril,no,lunes,sí,cielo despejado,32.5,37.6,61.3,17.2,2345,4479,6824
581,2019-05-08,primavera,2019,mayo,no,miércoles,sí,cielo despejado,31.5,36.6,65.2,19.5,1707,3757,5464
582,2019-06-08,primavera,2019,junio,no,sábado,no,niebla,30.9,35.5,65.4,8.7,1233,5780,7013
583,2019-07-08,verano,2019,julio,no,lunes,sí,niebla,30.2,34.9,70.4,7.8,1278,5995,7273
584,2019-08-08,verano,2019,agosto,no,jueves,sí,niebla,30.8,35.4,67.3,7.4,1263,6271,7534
585,2019-09-08,verano,2019,septiembre,no,domingo,no,cielo despejado,31.0,35.0,62.0,10.5,1196,6090,7286
586,2019-10-08,otoño,2019,octubre,no,martes,sí,niebla,29.3,33.4,71.6,16.0,1065,4721,5786
587,2019-11-08,otoño,2019,noviembre,no,viernes,sí,niebla,28.4,31.9,73.3,13.8,2247,4052,6299
588,2019-12-08,otoño,2019,diciembre,no,domingo,no,cielo despejado,28.7,32.2,53.0,8.2,2182,4362,6544
589,2019-08-13,verano,2019,agosto,no,martes,sí,cielo despejado,29.6,33.1,54.5,9.1,1207,5676,6883
590,2019-08-14,verano,2019,agosto,no,miércoles,sí,cielo despejado,29.8,33.8,68.7,11.3,1128,5656,6784
591,2019-08-15,verano,2019,agosto,no,jueves,sí,cielo despejado,29.0,32.7,62.0,11.4,1198,6149,7347
592,2019-08-16,verano,2019,agosto,no,viernes,sí,cielo despejado,29.5,32.7,51.9,9.5,1338,6267,7605
593,2019-08-17,verano,2019,agosto,no,sábado,no,cielo despejado,29.7,12.1,57.1,15.5,1483,5665,7148
594,2019-08-18,verano,2019,agosto,no,domingo,no,cielo despejado,27.8,30.9,60.3,11.9,2827,5038,7865
595,2019-08-19,verano,2019,agosto,no,lunes,sí,niebla,26.1,30.2,71.2,5.8,1208,3341,4549
596,2019-08-20,verano,2019,agosto,no,martes,sí,niebla,26.1,29.8,73.4,8.7,1026,5504,6530
597,2019-08-21,verano,2019,agosto,no,miércoles,sí,cielo despejado,26.6,30.1,67.4,4.9,1081,5925,7006
598,2019-08-22,verano,2019,agosto,no,jueves,sí,cielo despejado,27.4,31.1,67.7,4.7,1094,6281,7375
599,2019-08-23,verano,2019,agosto,no,viernes,sí,cielo despejado,28.5,31.9,63.6,5.7,1363,6402,7765
600,2019-08-24,verano,2019,agosto,no,sábado,no,niebla,28.8,32.4,61.5,4.8,1325,6257,7582
601,2019-08-25,verano,2019,agosto,no,domingo,no,niebla,27.1,30.9,71.3,16.4,1829,4224,6053
602,2019-08-26,verano,2019,agosto,no,lunes,sí,niebla,26.8,29.8,84.6,15.3,1483,3772,5255
603,2019-08-27,verano,2019,agosto,no,martes,sí,cielo despejado,28.8,32.7,73.0,8.6,989,5928,6917
604,2019-08-28,verano,2019,agosto,no,miércoles,sí,cielo despejado,29.9,33.3,62.0,12.8,935,6105,7040
605,2019-08-29,verano,2019,agosto,no,jueves,sí,cielo despejado,28.1,31.8,55.2,7.5,1177,6520,7697
606,2019-08-30,verano,2019,agosto,no,viernes,sí,cielo despejado,29.0,32.6,59.0,5.2,1172,6541,7713
607,2019-08-31,verano,2019,agosto,no,sábado,no,cielo despejado,31.3,34.5,58.8,11.3,1433,5917,7350
608,2019-01-09,invierno,2019,enero,no,miércoles,sí,niebla,30.9,35.1,63.8,7.6,2352,3788,6140
609,2019-02-09,invierno,2019,febrero,no,sábado,no,niebla,28.6,32.5,81.5,4.3,2613,3197,5810
610,2019-03-09,invierno,2019,marzo,no,sábado,no,cielo despejado,29.0,33.1,79.1,10.1,1965,4069,6034
611,2019-04-09,primavera,2019,abril,no,martes,sí,cielo despejado,29.8,34.3,75.5,15.8,867,5997,6864
612,2019-05-09,primavera,2019,mayo,no,jueves,sí,cielo despejado,30.2,35.4,74.1,12.6,832,6280,7112
613,2019-06-09,primavera,2019,junio,no,domingo,no,niebla,28.6,32.8,81.0,9.5,611,5592,6203
614,2019-07-09,verano,2019,julio,no,martes,sí,cielo despejado,28.8,32.9,73.6,11.5,1045,6459,7504
615,2019-08-09,verano,2019,agosto,no,viernes,sí,niebla,27.0,30.6,79.9,18.8,1557,4419,5976
616,2019-09-09,verano,2019,septiembre,no,lunes,sí,cielo despejado,25.0,28.9,54.8,15.0,2570,5657,8227
617,2019-10-09,otoño,2019,octubre,no,miércoles,sí,cielo despejado,23.9,28.3,50.4,17.3,1118,6407,7525
618,2019-11-09,otoño,2019,noviembre,no,sábado,no,cielo despejado,23.7,27.7,52.0,6.2,1070,6697,7767
619,2019-12-09,otoño,2019,diciembre,no,lunes,sí,cielo despejado,24.6,28.5,57.7,8.8,1050,6820,7870
620,2019-09-13,verano,2019,septiembre,no,viernes,sí,cielo despejado,25.1,29.0,63.7,5.5,1054,6750,7804
621,2019-09-14,verano,2019,septiembre,no,sábado,no,cielo despejado,26.0,29.7,67.2,7.0,1379,6630,8009
622,2019-09-15,verano,2019,septiembre,no,domingo,no,cielo despejado,24.9,29.3,50.2,16.6,3160,5554,8714
623,2019-09-16,verano,2019,septiembre,no,lunes,sí,cielo despejado,23.8,28.2,57.0,6.0,2166,5167,7333
624,2019-09-17,verano,2019,septiembre,no,martes,sí,niebla,23.8,27.7,73.5,10.2,1022,5847,6869
625,2019-09-18,verano,2019,septiembre,no,miércoles,sí,niebla,25.6,28.3,87.2,24.0,371,3702,4073
626,2019-09-19,verano,2019,septiembre,no,jueves,sí,cielo despejado,22.7,27.0,53.7,14.4,788,6803,7591
627,2019-09-20,verano,2019,septiembre,no,viernes,sí,cielo despejado,22.4,26.6,61.8,7.9,939,6781,7720
628,2019-09-21,verano,2019,septiembre,no,sábado,no,cielo despejado,24.6,28.6,66.9,10.3,1250,6917,8167
629,2019-09-22,verano,2019,septiembre,no,domingo,no,cielo despejado,26.6,30.5,64.7,19.0,2512,5883,8395
630,2019-09-23,otoño,2019,septiembre,no,lunes,sí,cielo despejado,21.7,25.9,46.7,15.0,2454,5453,7907
631,2019-09-24,otoño,2019,septiembre,no,martes,sí,cielo despejado,21.1,25.1,49.3,9.5,1001,6435,7436
632,2019-09-25,otoño,2019,septiembre,no,miércoles,sí,cielo despejado,22.6,27.2,57.0,15.8,845,6693,7538
633,2019-09-26,otoño,2019,septiembre,no,jueves,sí,cielo despejado,26.0,29.8,63.1,16.4,787,6946,7733
634,2019-09-27,otoño,2019,septiembre,no,viernes,sí,niebla,26.6,30.4,69.1,9.0,751,6642,7393
635,2019-09-28,otoño,2019,septiembre,no,sábado,no,niebla,25.4,29.3,69.0,11.0,1045,6370,7415
636,2019-09-29,otoño,2019,septiembre,no,domingo,no,cielo despejado,22.2,26.5,54.3,15.2,2589,5966,8555
637,2019-09-30,otoño,2019,septiembre,no,lunes,sí,cielo despejado,21.6,25.9,58.3,9.0,2015,4874,6889
638,2019-01-10,invierno,2019,enero,no,jueves,sí,niebla,21.4,25.6,64.9,6.1,763,6015,6778
639,2019-02-10,invierno,2019,febrero,no,domingo,no,precipitaciones ligeras,24.2,27.1,87.2,7.0,315,4324,4639
640,2019-03-10,invierno,2019,marzo,no,domingo,no,niebla,27.0,30.0,79.4,4.5,728,6844,7572
641,2019-04-10,primavera,2019,abril,no,miércoles,sí,niebla,27.0,30.4,72.3,7.9,891,6437,7328
642,2019-05-10,primavera,2019,mayo,no,viernes,sí,cielo despejado,25.2,29.0,62.8,7.1,1516,6640,8156
643,2019-06-10,primavera,2019,junio,no,lunes,sí,cielo despejado,22.7,26.9,66.4,18.0,3031,4934,7965
644,2019-07-10,verano,2019,julio,no,miércoles,sí,niebla,17.0,21.0,70.8,9.5,781,2729,3510
645,2019-08-10,verano,2019,agosto,no,sábado,no,niebla,15.7,19.4,71.0,12.7,874,4604,5478
646,2019-09-10,verano,2019,septiembre,no,martes,sí,niebla,18.3,21.9,76.2,12.8,601,5791,6392
647,2019-10-10,otoño,2019,octubre,no,jueves,sí,cielo despejado,21.1,25.2,63.1,12.6,780,6911,7691
648,2019-11-10,otoño,2019,noviembre,no,domingo,no,cielo despejado,17.8,21.6,46.3,12.2,834,6736,7570
649,2019-12-10,otoño,2019,diciembre,no,martes,sí,cielo despejado,17.9,21.7,53.9,15.8,1060,6222,7282
650,2019-10-13,otoño,2019,octubre,no,domingo,no,cielo despejado,16.1,19.6,49.5,9.8,2252,4857,7109
651,2019-10-14,otoño,2019,octubre,sí,lunes,no,cielo despejado,21.4,25.4,64.0,18.7,2080,4559,6639
652,2019-10-15,otoño,2019,octubre,no,martes,sí,niebla,23.0,27.0,70.8,19.8,760,5115,5875
653,2019-10-16,otoño,2019,octubre,no,miércoles,sí,cielo despejado,19.2,23.0,55.8,12.2,922,6612,7534
654,2019-10-17,otoño,2019,octubre,no,jueves,sí,cielo despejado,18.7,22.5,69.3,6.8,979,6482,7461
655,2019-10-18,otoño,2019,octubre,no,viernes,sí,niebla,21.4,25.6,72.8,15.9,1008,6501,7509
656,2019-10-19,otoño,2019,octubre,no,sábado,no,niebla,23.1,26.9,81.5,9.0,753,4671,5424
657,2019-10-20,otoño,2019,octubre,no,domingo,no,cielo despejado,19.9,23.6,57.3,7.9,2806,5284,8090
658,2019-10-21,otoño,2019,octubre,no,lunes,sí,cielo despejado,19.0,22.8,51.0,11.1,2132,4692,6824
659,2019-10-22,otoño,2019,octubre,no,martes,sí,cielo despejado,20.0,24.1,56.8,5.5,830,6228,7058
660,2019-10-23,otoño,2019,octubre,no,miércoles,sí,cielo despejado,22.3,26.5,64.2,6.3,841,6625,7466
661,2019-10-24,otoño,2019,octubre,no,jueves,sí,cielo despejado,24.1,27.9,63.6,4.9,795,6898,7693
662,2019-10-25,otoño,2019,octubre,no,viernes,sí,niebla,22.6,26.5,80.0,8.3,875,6484,7359
663,2019-10-26,otoño,2019,octubre,no,sábado,no,niebla,22.4,26.1,80.7,8.9,1182,6262,7444
664,2019-10-27,otoño,2019,octubre,no,domingo,no,niebla,21.7,25.8,72.0,15.8,2643,5209,7852
665,2019-10-28,otoño,2019,octubre,no,lunes,sí,niebla,19.6,23.4,69.5,26.7,998,3461,4459
666,2019-10-29,otoño,2019,octubre,no,martes,sí,precipitaciones ligeras,18.0,22.0,88.0,24.0,2,20,22
667,2019-10-30,otoño,2019,octubre,no,miércoles,sí,niebla,13.0,15.5,82.5,14.3,87,1009,1096
668,2019-10-31,otoño,2019,octubre,no,jueves,sí,niebla,14.7,18.1,66.7,11.2,419,5147,5566
669,2019-01-11,invierno,2019,enero,no,viernes,sí,niebla,15.0,18.5,58.2,10.5,466,5520,5986
670,2019-02-11,invierno,2019,febrero,no,lunes,sí,cielo despejado,14.6,17.8,52.2,17.8,618,5229,5847
671,2019-03-11,invierno,2019,marzo,no,lunes,sí,niebla,14.1,16.2,49.1,18.1,1029,4109,5138
672,2019-04-11,primavera,2019,abril,no,jueves,sí,cielo despejado,13.4,16.5,53.3,12.0,1201,3906,5107
673,2019-05-11,primavera,2019,mayo,no,sábado,no,cielo despejado,13.1,15.4,49.4,15.8,378,4881,5259
674,2019-06-11,primavera,2019,junio,no,martes,sí,cielo despejado,11.5,14.1,56.7,11.6,466,5220,5686
675,2019-07-11,verano,2019,julio,no,jueves,sí,niebla,12.1,13.7,54.8,20.4,326,4709,5035
676,2019-08-11,verano,2019,agosto,no,domingo,no,cielo despejado,14.4,17.1,33.3,23.3,340,4975,5315
677,2019-09-11,verano,2019,septiembre,no,miércoles,sí,cielo despejado,14.8,17.8,54.1,14.4,709,5283,5992
678,2019-10-11,otoño,2019,octubre,no,viernes,sí,cielo despejado,16.0,19.7,64.5,3.9,2090,4446,6536
679,2019-11-11,otoño,2019,noviembre,sí,lunes,no,cielo despejado,17.3,21.1,65.9,8.5,2290,4562,6852
680,2019-12-11,otoño,2019,diciembre,no,miércoles,sí,cielo despejado,19.9,23.8,74.2,11.6,1097,5172,6269
681,2019-11-13,otoño,2019,noviembre,no,miércoles,sí,niebla,14.1,16.2,66.3,22.9,327,3767,4094
682,2019-11-14,otoño,2019,noviembre,no,jueves,sí,cielo despejado,11.9,14.1,55.2,13.4,373,5122,5495
683,2019-11-15,otoño,2019,noviembre,no,viernes,sí,niebla,13.2,16.2,62.0,10.3,320,5125,5445
684,2019-11-16,otoño,2019,noviembre,no,sábado,no,cielo despejado,14.1,17.4,52.5,11.5,484,5214,5698
685,2019-11-17,otoño,2019,noviembre,no,domingo,no,cielo despejado,13.3,16.3,54.5,12.0,1313,4316,5629
686,2019-11-18,otoño,2019,noviembre,no,lunes,sí,cielo despejado,14.0,16.9,69.3,15.3,922,3747,4669
687,2019-11-19,otoño,2019,noviembre,no,martes,sí,niebla,15.6,18.8,62.3,15.7,449,5050,5499
688,2019-11-20,otoño,2019,noviembre,no,miércoles,sí,niebla,15.3,19.0,68.5,5.5,534,5100,5634
689,2019-11-21,otoño,2019,noviembre,no,jueves,sí,cielo despejado,14.5,18.2,61.4,6.9,615,4531,5146
690,2019-11-22,otoño,2019,noviembre,no,viernes,sí,cielo despejado,13.9,17.5,58.0,3.5,955,1470,2425
691,2019-11-23,otoño,2019,noviembre,no,sábado,no,cielo despejado,15.1,18.9,56.9,9.9,1603,2307,3910
692,2019-11-24,otoño,2019,noviembre,no,domingo,no,cielo despejado,11.4,12.4,40.5,25.3,532,1745,2277
693,2019-11-25,otoño,2019,noviembre,no,lunes,sí,cielo despejado,10.1,12.9,46.8,10.1,309,2115,2424
694,2019-11-26,otoño,2019,noviembre,no,martes,sí,cielo despejado,12.8,17.0,53.5,3.1,337,4750,5087
695,2019-11-27,otoño,2019,noviembre,no,miércoles,sí,niebla,12.0,14.1,78.7,15.9,123,3836,3959
696,2019-11-28,otoño,2019,noviembre,sí,jueves,no,cielo despejado,12.2,14.5,50.6,14.1,198,5062,5260
697,2019-11-29,otoño,2019,noviembre,no,viernes,sí,cielo despejado,11.5,14.9,55.6,7.7,243,5080,5323
698,2019-11-30,otoño,2019,noviembre,no,sábado,no,cielo despejado,12.2,16.2,65.0,3.9,362,5306,5668
699,2019-01-12,invierno,2019,enero,no,sábado,no,niebla,12.2,15.8,80.7,4.0,951,4240,5191
700,2019-02-12,invierno,2019,febrero,no,martes,sí,niebla,14.2,18.0,82.3,8.3,892,3757,4649
701,2019-03-12,invierno,2019,marzo,no,martes,sí,cielo despejado,18.6,22.8,76.8,5.5,555,5679,6234
702,2019-04-12,primavera,2019,abril,no,viernes,sí,cielo despejado,19.5,23.5,73.4,11.7,551,6055,6606
703,2019-05-12,primavera,2019,mayo,no,domingo,no,cielo despejado,18.0,21.4,48.5,21.7,331,5398,5729
704,2019-06-12,primavera,2019,junio,no,miércoles,sí,cielo despejado,10.5,12.9,50.9,11.7,340,5035,5375
705,2019-07-12,verano,2019,julio,no,viernes,sí,niebla,13.2,16.1,76.4,8.8,349,4659,5008
706,2019-08-12,verano,2019,agosto,no,lunes,sí,niebla,15.6,19.5,91.1,6.8,1153,4429,5582
707,2019-09-12,verano,2019,septiembre,no,jueves,sí,niebla,15.8,19.5,90.5,10.6,441,2787,3228
708,2019-10-12,otoño,2019,octubre,no,sábado,no,niebla,17.9,21.8,92.5,12.8,329,4841,5170
709,2019-11-12,otoño,2019,noviembre,no,martes,sí,niebla,14.5,16.9,59.7,19.8,282,5219,5501
710,2019-12-12,otoño,2019,diciembre,no,jueves,sí,niebla,12.2,14.9,53.8,10.9,310,5009,5319
711,2019-12-13,otoño,2019,diciembre,no,viernes,sí,cielo despejado,12.1,14.7,48.6,11.7,425,5107,5532
712,2019-12-14,otoño,2019,diciembre,no,sábado,no,cielo despejado,11.5,14.7,64.3,8.8,429,5182,5611
713,2019-12-15,otoño,2019,diciembre,no,domingo,no,cielo despejado,13.3,16.9,65.0,7.1,767,4280,5047
714,2019-12-16,otoño,2019,diciembre,no,lunes,sí,niebla,14.9,18.5,83.9,6.7,538,3248,3786
715,2019-12-17,otoño,2019,diciembre,no,martes,sí,niebla,16.1,20.1,90.7,6.6,212,4373,4585
716,2019-12-18,otoño,2019,diciembre,no,miércoles,sí,cielo despejado,16.8,20.5,66.6,14.8,433,5124,5557
717,2019-12-19,otoño,2019,diciembre,no,jueves,sí,cielo despejado,13.6,17.1,62.5,12.3,333,4934,5267
718,2019-12-20,otoño,2019,diciembre,no,viernes,sí,niebla,13.5,16.8,66.8,8.9,314,3814,4128
719,2019-12-21,otoño,2019,diciembre,no,sábado,no,niebla,13.4,15.1,55.7,25.1,221,3402,3623
720,2019-12-22,invierno,2019,diciembre,no,domingo,no,cielo despejado,10.9,11.8,44.1,27.3,205,1544,1749
721,2019-12-23,invierno,2019,diciembre,no,lunes,sí,cielo despejado,10.1,13.0,51.5,8.9,408,1379,1787
722,2019-12-24,invierno,2019,diciembre,no,martes,sí,niebla,9.5,12.9,79.1,5.2,174,746,920
723,2019-12-25,invierno,2019,diciembre,sí,miércoles,no,niebla,11.9,14.7,73.5,11.3,440,573,1013
724,2019-12-26,invierno,2019,diciembre,no,jueves,sí,precipitaciones ligeras,10.0,11.0,82.3,21.2,9,432,441
725,2019-12-27,invierno,2019,diciembre,no,viernes,sí,niebla,10.4,11.3,65.3,23.5,247,1867,2114
726,2019-12-28,invierno,2019,diciembre,no,sábado,no,niebla,10.4,12.8,59.0,10.4,644,2451,3095
727,2019-12-29,invierno,2019,diciembre,no,domingo,no,niebla,10.4,12.1,75.3,8.3,159,1182,1341
728,2019-12-30,invierno,2019,diciembre,no,lunes,sí,cielo despejado,10.5,11.6,48.3,23.5,364,1432,1796
729,2019-12-31,invierno,2019,diciembre,no,martes,sí,niebla,8.8,11.2,57.8,10.4,439,2290,2729
